Filename,Coupling_eV,Diabatic_E1_Ha,Diabatic_E2_Ha,Energy_Gap_eV,Total_Energy_Ha,Overlap_S12,Interlayer_Dist_Ang,FeFe_Dist_Ang,Min_HeavyDist_Ang,Max_HeavyDist_Ang,NN_Dist_1_Ang,Lateral_Slippage_Ang,dataset,split,J_cdft_eV,log10_J_cdft,dz,dx,dy,cos_theta,cos_4phi,sin_4phi,cos_4psi,sin_4psi,d_lateral,cos_4alpha,sin_4alpha,S12_b3lyp,S12_srsh_singlet,S12_srsh_cation,S12_qchem_truth,J_eht_eV,J_zindo_eV,J_dftb_eV,S12,S12_sq,absS12,log_absS12,log10_Coupling,KRR_Predicted_log10
md_039.out,0.00036463276,-4501.01984446,-4501.02305373,-0.0873287296861006,-9002.04289819,-0.0026823787,8.152475007223856,8.279681619446789,7.402616002439138,13.032564952616962,7.865581914907886,1.4457797121260845,slater_111_md,train,0.0003646326,-3.438145,8.152473,1.03665,1.007851,0.9835668,0.5023339,-0.8646737,1.0,-3.764919e-06,1.445824,-0.9984133,0.05631112,5.700035e-08,3.331092e-08,3.91537e-08,-0.002682379,1.664976e-07,2.609668e-06,,3.91537e-08,1.5330122236899999e-15,3.91537e-08,-7.407216099211362,-3.4357687318136034,-3.3868568390594027
md_093.out,0.00035919048,-4501.01999077,-4501.02171716,-0.0469774888441139,-9002.041707929999,0.0007069342,6.14826327869063,6.2096108608951495,6.029280937966068,11.013295381839397,6.136726342363573,0.8707041401367922,slater_111_md,test,0.0003591903,-3.444675,6.148273,0.8211817,-0.2896853,0.9991658,-0.3183131,0.9479856,1.0,2.237157e-05,0.8707795,0.2126122,-0.9771367,1.449286e-05,9.363061e-06,8.782363e-06,0.0007069342,2.020934e-05,0.0001584457,,8.782363e-06,7.712989986376899e-11,8.782363e-06,-5.056388566785793,-3.4422637050306086,
geom_117.out,0.00035646934,-4501.0204855,-4501.02048519,8.435543785344636e-06,-9002.040970689999,-0.0009574583,5.999731297603967,9.433981132056603,6.000445456314056,16.894842960814994,6.986169274287591,7.280331335629677,704_systematic,test,0.0003564693,-3.447978,5.999731,7.037596,1.864261,1.0,1.0,-2.775558e-16,1.0,0.0,7.280331,0.509829,0.8602758,-1.401518e-05,-9.543049e-06,-8.066109e-06,,-3.211382e-06,0.0001203787,,-8.066109e-06,6.5062114399881e-11,8.066109e-06,-5.093335859681827,-3.445547983756954,
geom_377.out,0.00035646934,-4501.02122913,-4501.06354563,-1.1514912080806192,-9002.08477476,0.0004493575,6.96879940101374,7.869206255162651,5.408186000875802,13.645254096746935,6.535100934631768,3.655166479754588,704_systematic,train,0.0003564693,-3.447978,6.968949,3.13121,1.885565,0.8660255,0.9657532,0.2594625,-0.5654229,-0.8248011,3.655111,-0.5624115,0.8268575,6.459498e-05,3.968684e-05,3.685066e-05,,1.263217e-05,0.0004680825,0.010075,3.685066e-05,1.3579711424356e-09,3.685066e-05,-4.433554717680699,-3.445547983756954,
geom_243.out,0.00034558478,-4501.08475203,-4501.08511255,-0.0098102539268664,-9002.16986458,-0.000618246,0.9677437885230744,9.358225711114528,2.671445906489218,16.94974155477832,6.190080758876979,9.30805352476768,704_systematic,test,0.0003455848,-3.461445,0.9678353,7.227785,5.86489,0.8660182,-0.2858406,-0.9582772,0.9969883,-0.07755196,9.307943,-0.9151608,0.4030891,0.002470799,0.001723553,0.001664113,,0.006428841,,,0.001664113,2.7692720767690003e-06,0.001664113,-2.7788171864320272,-3.4589392486408927,
geom_499.out,0.00034558478,-4500.98527563,-4500.97271261,0.3418573624284345,-9001.95798824,0.0015897772,2.7794327219387016,9.38821853883286,2.4612047335752054,17.16203733725603,6.319928526606847,8.967351954568386,704_systematic,train,0.0003455848,-3.461445,2.779467,8.185463,3.662538,-5.760129e-05,-0.4311319,0.9022889,-0.4315086,0.9021088,8.967496,-0.111875,0.9937223,-0.005298372,6.995921e-05,3.570705e-05,,0.001967469,0.0288809,,3.570705e-05,1.2749934197024994e-09,3.570705e-05,-4.447246016155938,-3.4589392486408927,
geom_149.out,0.00033470022,-4501.06898736,-4501.07367559,-0.1275733018049661,-9002.14266295,0.0007622956,5.776999899548966,8.604299736129954,2.812694459572351,16.242567957803562,5.513761567797886,6.376538724870825,704_systematic,train,0.0003347002,-3.475344,5.777121,6.145579,1.700605,-4.041006e-05,-0.4313759,0.9021723,-0.4314639,0.9021302,6.376535,0.4714529,0.8818912,-0.001820872,0.004881498,0.004559516,,0.003038164,0.07766713,,0.004559516,2.0789186154255995e-05,0.004559516,-2.341081255855513,-3.4727565998437058,-2.8088598288064075
geom_165.out,0.0003265368,-4501.0212111,-4501.05847683,-1.0140526853081182,-9002.07968793,0.0023434103,4.970026346351562,9.972902159324034,6.285244795242664,16.81853679729518,7.955899232117322,8.646248642967732,704_systematic,train,0.0003265368,-3.486068,4.970206,8.165487,2.842647,0.8660253,0.9999283,0.01197465,0.997012,-0.07724633,8.646145,0.2287235,0.9734914,-1.68475e-06,-1.411735e-06,-9.184133e-07,,-1.640659e-06,0.002892232,,-9.184133e-07,8.434829896168903e-13,9.184133e-07,-6.036961362791549,-3.4834159772706776,
geom_429.out,0.00031020996,-4501.0209726,-4501.10159903,-2.193958037300324,-9002.12257163,-0.0008891991,5.934542283607926,6.095338546267385,3.13732984440543,12.18490258142567,4.886836514758909,1.3908126680766997,704_systematic,test,0.00031021,-3.508344,5.934443,1.09892,0.8527254,0.7070662,0.805692,-0.5923347,-0.4315832,0.9020731,1.390959,-0.8766518,0.4811254,-0.002561737,-0.001237417,-0.001018678,,-0.002777908,0.04398956,,-0.001018678,1.037704867684e-06,0.001018678,-2.9919630726062216,-3.505553246359948,
geom_508.out,0.00030476768,-4501.02234792,-4501.06127764,-1.0593321828064186,-9002.08362556,0.0013023488,4.992194307062076,7.079760977499312,4.539414295681217,14.357590821309648,5.223079474620503,5.020060905911302,704_systematic,train,0.0003047677,-3.516031,4.992132,5.018271,-0.1448929,0.9659118,0.9994597,-0.03286668,0.5651682,0.8249757,5.020362,0.9933419,-0.1152039,-2.769127e-05,-2.518952e-05,-2.223056e-05,,1.160664e-05,0.001927166,,-2.223056e-05,4.941977979136e-10,2.223056e-05,-4.653049577511079,-3.513190398103248,-2.486458446381442
geom_507.out,0.00029660426,-4501.02006922,-4501.05938562,-1.069854286977514,-9002.07945484,0.0019796313,6.991172639188711,9.117217209531262,6.321243741854842,15.256022181876048,7.264384249873764,5.852106866320212,704_systematic,train,0.0002966043,-3.527823,6.991138,5.10171,2.867151,0.9659135,0.4463663,-0.8948503,-0.9969932,0.077489,5.852179,-0.4593257,0.8882679,1.781235e-06,1.086393e-06,1.036423e-06,,-3.775242e-07,2.914911e-05,,1.036423e-06,1.0741726349289998e-12,1.036423e-06,-5.984462538809637,-3.5249040007593666,
geom_254.out,0.00029660426,-4501.02148312,-4501.02146325,0.0005406905169133,-9002.04294637,0.0012530508,4.999798256882925,7.074383080957095,5.014644682994,14.303751149605828,5.241568263135567,5.004888946480477,704_systematic,train,0.0002966043,-3.527823,4.999798,5.004196,-0.09326574,1.0,-0.4999999,-0.8660254,0.2159749,0.9763989,5.005065,0.9972231,-0.07447238,-2.961411e-05,-2.649543e-05,-2.169947e-05,,-0.0001828424,0.0004945921,,-2.169947e-05,4.708669982808997e-10,2.169947e-05,-4.663550853459364,-3.5249040007593666,
geom_417.out,0.00028027742,-4501.02418283,-4501.04716881,-0.6254806961515433,-9002.07135164,-0.0021955373,4.968193797612476,7.866666466153246,4.993138434537641,14.60631034833568,6.268974670137055,6.099302556773597,704_systematic,train,0.0002802774,-3.552412,4.968145,6.097232,-0.1654597,0.8659991,0.9699778,-0.2431934,-0.5655799,-0.8246935,6.099477,0.9941174,-0.1083079,-2.133161e-05,-1.292032e-05,-1.30547e-05,,-2.615617e-05,0.0008889177,,-1.30547e-05,1.7042519209e-10,1.30547e-05,-4.884233070645873,-3.549323860647298,
44_ang_xy_job_002.out,0.00027483514,-4501.10787549,-4501.10556733,0.0628082650297552,-9002.21344282,-0.0005223622,4.399949654769371,4.884669896727925,4.407039044778252,11.243791916902412,4.454602027936952,2.121424765457146,704_systematic,test,0.0002748351,-3.560928,4.39995,1.528894,1.470689,1.0,1.0,6.938894000000001e-17,1.0,0.0,2.121425,-0.9969901,0.0775286,0.002053867,0.001526063,0.00148403,,0.0001467161,0.01219939,,0.00148403,2.2023450409e-06,0.00148403,-2.828557319315044,-3.557778783653609,
geom_371.out,0.00027483514,-4501.08017787,-4501.07412347,0.1647487001548767,-9002.15430134,0.0005733681,3.833508924713744,8.970689778789032,2.591935828337384,16.68851026602015,5.704361098298827,8.110331955685297,704_systematic,train,0.0002748351,-3.560928,3.833559,8.103487,-0.3322739,0.2587801,-0.8751388,0.4838719,-0.4314901,0.9021177,8.110296,0.9865946,-0.1631903,-0.005108049,-0.002089252,-0.001837202,,-0.001432648,0.05239983,,-0.001837202,3.375311188804e-06,0.001837202,-2.735843090239317,-3.557778783653609,
geom_139.out,0.000272114,-4501.02074176,-4501.02073937,6.503525118769176e-05,-9002.04148113,0.0005902957,5.999899311878028,7.3484692283495345,6.000476768507649,13.649945006138305,6.16740392931256,4.242783078042709,704_systematic,train,0.000272114,-3.565249,5.999899,3.057675,2.9414,1.0,1.0,-2.359224e-16,1.0,0.0,4.242783,-0.9969969,0.07744101,8.756126e-06,5.813191e-06,5.364289e-06,,-1.53938e-05,0.0001107898,,5.364289e-06,2.8775596475521e-11,5.364289e-06,-5.270487751701253,-3.5620687828936397,
geom_229.out,0.000272114,-4501.02138731,-4501.10214223,-2.197454430085014,-9002.12352954,-0.0007575025,7.932811854880411,7.93426174298693,5.156310856752529,12.943692509989605,6.829440756323902,0.1516755790983362,704_systematic,train,0.000272114,-3.565249,7.932774,0.0002937214,-0.1515486,0.7070918,0.03508414,0.9993844,0.9970072,-0.07730889,0.1515489,0.9999699,0.007752446,0.000100669,5.295959e-05,4.862319e-05,,-4.457205e-06,0.0005940547,,4.862319e-05,2.3642146057761e-09,4.862319e-05,-4.313156543061243,-3.5620687828936397,
geom_248.out,0.00026667172,-4501.10177419,-4501.10127336,0.0136282854486591,-9002.20304755,0.0006034777,6.885716029332992,8.11842489109039,3.3157270603330726,14.411191277524908,6.0553271648214855,4.30066709658661,704_systematic,test,0.0002666717,-3.574023,6.885828,3.221566,2.848922,0.4999728,-0.5332199,-0.8459767,-0.5655355,-0.8247239,4.300563,-0.9700798,0.2427861,0.00265706,0.0006253585,0.0005824506,,0.0007496017,0.03057441,,0.0005824506,3.3924870144036e-07,0.0005824506,-3.234740902272511,-3.570778044375579,
md_007.out,0.00026395058,-4501.01966931,-4501.01990702,-0.0064684218930438,-9002.03957633,-0.0025407997,7.096194038007247,9.168239638560175,7.120973286910225,15.86793260224693,7.437847132880387,5.80522594263276,slater_111_md,train,0.0002639504,-3.578478,7.09619,-2.66223,5.158611,0.999873,-0.6868196,0.7268279,1.0,-1.725643e-05,5.805061,-0.3286772,0.9444423,8.964991e-08,-5.686358e-09,9.191869e-08,-0.0025408,-4.472077e-07,6.27088e-06,,9.191869e-08,8.4490455713161e-15,9.191869e-08,-7.036591448979436,-3.575199058208508,
geom_470.out,0.00025306602,-4501.10454494,-4501.08148565,0.6274755638995941,-9002.18603059,-0.0005154075,3.968076322654229,9.839268321484072,3.394736950934932,17.923528961241114,6.416390599128844,9.003642118595723,704_systematic,train,0.000253066,-3.596766,3.968028,8.99931,-0.2811782,0.8660148,-0.2743946,0.9616172,0.9970095,-0.07727926,9.003701,0.9922055,-0.1246123,-0.001722467,-0.001584969,-0.00141752,,0.0004939591,,,-0.00141752,2.0093629504e-06,0.00141752,-2.84847080456017,-3.593347394426039,
geom_240.out,0.00024762374,-4501.09321296,-4501.07595268,0.4696763831754298,-9002.16916564,-0.0008003444,4.77785877646541,9.665306702407328,3.1040708685861222,16.849510781330746,6.537762610035944,8.401798567196932,704_systematic,train,0.0002476237,-3.606208,4.778377,8.220808,1.734242,-1.234809e-07,-0.5654558,-0.8247786,-0.5654565,-0.8247781,8.401743,0.6736669,0.7390351,4.315628e-05,0.001160133,0.001013633,,0.001006729,0.003430075,,0.001013633,1.027451858689e-06,0.001013633,-2.99411925850456,-3.602714114259161,-2.8202085971684667
geom_466.out,0.0002449026,-4500.84696487,-4500.87748515,-0.8304995471925124,-9001.72445002,0.0010220876,0.9709904239770976,9.208487306542263,2.5012280956530137,17.105307004742738,6.437094954558461,9.157151089246852,704_systematic,train,0.0002449026,-3.611007,0.9708899,7.118092,5.761086,-0.8660019,0.9999296,0.01186841,0.9970288,-0.07702907,9.157365,-0.9131265,0.4076764,-0.004009998,-0.002962037,-0.002653054,,-0.005166854,0.01019463,,-0.002653054,7.038695526916001e-06,0.002653054,-2.5762539101768724,-3.6074743367197177,
md_073.out,0.00023401804,-4501.020671,-4501.02311531,-0.0665130971367432,-9002.043786310001,-0.0019644715,8.121776012701362,8.153489978255447,7.796150849334497,12.158874922836652,8.010805663623417,0.7184380453600515,slater_111_md,train,0.0002340179,-3.630751,8.121799,0.532553,0.4821705,0.9965859,0.8509757,0.5252051,1.0,1.065928e-05,0.7184018,-0.9803747,0.1971432,-2.317402e-08,-1.6785e-08,-1.412105e-08,-0.001964471,2.045989e-07,3.863686e-06,,-1.412105e-08,1.9940405310250002e-16,1.412105e-08,-7.850102255191781,-3.627054800534025,
geom_512.out,0.0002231334799999,-4501.02007823,-4501.02013019,-0.001413904339564,-9002.04020842,-0.0003031281,5.999973019501939,6.405562842869157,6.001965892705572,12.241427762057864,6.085498301491013,2.2431137062562785,704_systematic,train,0.0002231335,-3.651435,5.999973,1.044123,1.985172,1.0,0.4999995,-0.8660257,-0.3011595,0.9535738,2.243011,-0.3578866,-0.9337651,1.204097e-05,7.851398e-06,7.425528e-06,,3.299932e-05,0.000115817,,7.425528e-06,5.5138466078784006e-11,7.425528e-06,-5.129272601458932,-3.6475599154925535,
geom_480.out,0.00022041234,-4501.10655219,-4501.08748441,0.5188609886951021,-9002.1940366,-0.0010504464,7.776285435572474,7.867086913620886,3.838131680022847,13.414887269993883,6.160385370607995,1.1918226927561053,704_systematic,train,0.0002204123,-3.656764,7.776686,1.184821,-0.1280204,-1.240245e-05,-0.5654904,-0.8247549,-0.565513,-0.8247394,1.191717,0.908744,-0.4173539,-0.0003044836,-0.0001739389,-0.0001609591,,-7.954144e-05,0.0650605,,-0.0001609591,2.590783187281e-08,0.0001609591,-3.793284462269231,-3.652841120663573,
geom_126.out,0.00022041234,-4500.99931052,-4501.03374427,-0.9369905447516867,-9002.033054790001,-0.0008801206,0.1141167662219362,9.853634147066504,3.139049258590569,17.648800446055308,6.983607325195626,9.852973321180873,704_systematic,train,0.0002204123,-3.656764,0.1138788,7.22381,-6.700644,0.5000002,0.5897607,-0.8075781,-0.4315365,-0.9020955,9.853023,-0.9887387,-0.1496521,-0.0001169984,0.0009015553,0.0007690838,,-0.002459361,0.002537262,,0.0007690838,5.9148989142244e-07,0.0007690838,-3.1140263359735947,-3.652841120663573,
md_019.out,0.0002176912,-4501.10688198,-4501.10521375,0.045394873826832,-9002.21209573,-0.0004057445,3.8377356631419617,5.673136739347466,3.911218475054033,12.718338478126848,4.049493836175331,4.178069583334189,slater_111_md,train,0.0002176911,-3.662159,3.837715,-3.941106,1.386627,0.9946043,-0.7401634,0.6724271,1.0,-9.376777e-08,4.177924,0.2158426,-0.9764282,-0.0003898491,-0.0001713233,-5.535264e-05,-0.0004057445,0.0007950216,,,-5.535264e-05,3.0639147549695997e-09,5.535264e-05,-4.256861653116533,-3.658187338928297,
md_140.out,0.0002176912,-4501.02082498,-4501.0222809,-0.0396176214852372,-9002.043105879999,0.0011833151,5.912491661991943,7.40238321451254,5.841358785839901,13.654464772018455,6.105360784248053,4.453955500605362,slater_111_md,train,0.0002176911,-3.662159,5.912481,-3.749351,-2.404093,0.9944881,-0.562104,-0.8270666,1.0,-1.580905e-05,4.453908,-0.6517325,0.7584489,8.218708e-06,4.341184e-06,4.879601e-06,0.001183315,-5.626709e-06,0.2744509,,4.879601e-06,2.3810505919201002e-11,4.879601e-06,-5.3116155993605565,-3.658187338928297,
geom_364.out,0.00020952778,-4501.02157657,-4501.10104486,-2.162443426494239,-9002.12262143,-0.0007420994,7.934431040362716,9.078448769863549,5.103105609435297,15.764279300138208,6.808364225994376,4.411693114073737,704_systematic,train,0.0002095278,-3.678758,7.934332,4.040201,1.77242,0.7070798,-0.9158167,-0.4015966,0.9970127,-0.07723822,4.411881,-0.08276457,0.9965691,9.280293e-05,5.515839e-05,4.925788e-05,,-8.712573e-06,0.0004440477,,4.925788e-05,2.4263387420944e-09,4.925788e-05,-4.30752427479089,-3.67463258853271,
geom_363.out,0.00020680664,-4501.02528129,-4501.06673107,-1.1279065434980118,-9002.09201236,-0.0015978863,4.967703261027094,8.676138568520273,5.777840264793152,15.24569621285332,6.929103158295956,7.113178246785734,704_systematic,train,0.0002068066,-3.684436,4.967795,7.111958,-0.1340191,0.8660182,-0.2858406,-0.9582772,0.9969883,-0.07755196,7.11322,0.9971612,-0.07529651,6.165489e-08,2.89939e-07,-5.862155e-08,,-2.134087e-05,0.05606662,,-5.862155e-08,3.4364861244025004e-15,5.862155e-08,-7.231935294276256,-3.680255694992052,-3.2977910889933115
geom_336.out,0.00020680664,-4501.02012602,-4501.09838872,-2.129637634776417,-9002.11851474,-0.0007982209,6.891737558962592,6.894156350874994,3.308206613093868,12.272224775410448,5.231046209825813,0.1826067049544948,704_systematic,train,0.0002068066,-3.684436,6.891645,0.002103839,-0.1824438,0.4999593,0.9970365,0.0769301,0.9970163,-0.07719145,0.1824559,0.9989365,0.04610734,-0.005479439,-0.002133929,-0.001967868,,-0.001569844,0.040997,,-0.001967868,3.872504465424e-06,0.001967868,-2.706004036168865,-3.680255694992052,-3.2977910889933115
md_099.out,0.00019592208,-4501.02049457,-4501.02400031,-0.0953960934370039,-9002.04449488,-0.0012913026,6.860975236188673,7.885831412233842,6.326605567513593,13.90561403879487,6.622122847035836,3.887589982312921,slater_111_md,train,0.000195922,-3.707917,6.861012,-2.236782,-3.17977,0.9886964,-0.4215417,0.906809,1.0,4.516735e-06,3.88769,-0.7715865,-0.6361244,2.040976e-06,1.13112e-06,1.50081e-06,-0.001291303,-4.611563e-07,0.06818633,,1.50081e-06,2.2524306561e-12,1.50081e-06,-5.823673995848144,-3.7035057536093774,
md_090.out,0.00018231638,-4501.02057617,-4501.02328149,-0.0736155446515893,-9002.043857659999,0.0017082756,6.904458823239102,9.069735820324482,6.659315827753929,15.696810801052964,7.416258305435767,5.881203636048722,slater_111_md,train,0.0001823163,-3.739175,6.904476,-4.494995,-3.792607,0.9981462,0.941727,0.3363781,1.0,4.906571e-06,5.881229,-0.9433539,0.3317882,1.907251e-07,-7.309558e-08,2.552215e-07,0.001708276,-1.170196e-06,0.08523535,,2.552215e-07,6.513801406225004e-14,2.552215e-07,-6.593081041568803,-3.734436067778708,
geom_527.out,0.00017959524,-4501.02020225,-4501.02025675,-0.0014830213070832,-9002.040459,0.0003163443,5.999939458465536,7.0037052575009175,6.004653861905447,13.368289182003846,6.105841542889974,3.6128401332876994,704_systematic,train,0.0001795952,-3.745705,5.999939,2.063267,2.965653,1.0,0.4999995,-0.8660257,-0.3011595,0.9535738,3.612779,-0.7582319,-0.6519849,6.811201e-06,5.468648e-06,3.488377e-06,,8.546697e-06,4.607358e-05,,3.488377e-06,1.2168774094129e-11,3.488377e-06,-5.457376461119205,-3.740895539453849,
md_110.out,0.00017143182,-4501.02306445,-4501.02418416,-0.0304688767005072,-9002.04724861,0.0003845437,5.465354233001137,5.951285906923058,5.3422621195345705,11.877100866335772,5.406875296647686,2.355357096866111,slater_111_md,test,0.0001714317,-3.765909,5.465351,2.063732,1.135381,0.9993989,0.03431823,-0.999411,1.0,-2.841494e-05,2.355436,-0.4269026,0.9042976,1.069858e-05,6.158762e-06,8.027912e-06,0.0003845437,9.106566e-05,0.0002781956,,8.027912e-06,6.444737107974401e-11,8.027912e-06,-5.095397342689866,-3.7608712183787865,
geom_98.out,0.00016598954,-4501.06458399,-4501.06073373,0.1047709649649696,-9002.12531772,-0.0008784804,8.776227783287776,9.72638259957118,4.800988578664815,16.218338398567653,7.403843470085317,4.1928921246663045,704_systematic,test,0.0001659895,-3.779919,8.776629,3.160362,2.755504,-2.828869e-08,-0.4314875,0.9021189,-0.4314876,0.9021189,4.192934,-0.9628806,0.2699275,1.676003e-05,-1.836995e-05,-1.568912e-05,,-1.749023e-05,0.001058663,,-1.568912e-05,2.461484863744e-10,1.568912e-05,-4.804401387550299,-3.774717759117624,
geom_30.out,0.00016054726,-4501.01946071,-4501.01944635,0.000390755704622,-9002.03890706,-0.0014912302,6.9998320827157325,9.951928940455312,7.022173808347739,16.635703425387398,8.003426739948894,7.074124712616786,704_systematic,train,0.0001605473,-3.794397,6.999832,5.098928,4.90341,1.0,-0.5,0.8660254,0.9535736,0.3011601,7.074072,-0.9969456,0.07809957,-4.288363e-07,-3.286074e-07,-2.063089e-07,,-2.044279e-07,9.814417e-06,,-2.063089e-07,4.256336221921e-14,2.063089e-07,-6.685479931444149,-3.789020346850166,
44_ang_xy_job_001.out,0.00015238384,-4501.10704514,-4501.10638773,0.0178890464686488,-9002.213432870001,0.0002486926,4.399966435287572,4.621688003316537,4.402458240540164,10.677226543939208,4.617951843328382,1.414317986996838,704_systematic,train,0.0001523838,-3.817061,4.399966,1.019321,0.9804486,1.0,1.0,6.938894000000001e-17,1.0,0.0,1.414318,-0.9969794,0.07766624,-0.002584121,-0.001683613,-0.001583082,,0.0002161463,0.01384941,,-0.001583082,2.506148618724e-06,0.001583082,-2.800496588827184,-3.811398161034783,-1.6715935120941918
md_107.out,0.00014422042,-4501.02151241,-4501.06070268,-1.0664221130858964,-9002.082215089998,-0.0012028764,6.782177503070626,7.994638955944102,6.316595271371675,13.625921945934962,6.975229206756219,4.232767457909977,slater_111_md,train,0.0001442203,-3.840973,6.782156,-3.224267,2.741835,0.9673643,-0.5859357,-0.8103575,1.0,-4.797695e-06,4.232441,-0.948368,-0.3171721,-2.756854e-06,-1.768472e-06,-1.797888e-06,-0.001202876,-6.196666e-07,4.621944e-05,,-1.797888e-06,3.2324012605440003e-12,1.797888e-06,-5.745237124713791,-3.834991972972869,
geom_308.out,0.00014422042,-4501.01944474,-4501.01943567,0.0002468073865184,-9002.03888041,-0.0015265153,6.999818574664353,9.112404382810938,7.005709709222328,15.837946172895334,7.378784297387274,5.834248328418659,704_systematic,train,0.0001442204,-3.840973,6.999819,5.060265,2.903783,1.0,-0.5,0.8660254,0.9535736,0.3011601,5.83423,-0.4908389,0.8712503,-3.328725e-07,-3.245357e-07,-1.154667e-07,,-6.755453e-07,9.75094e-06,,-1.154667e-07,1.3332558808889999e-14,1.154667e-07,-6.937539484807178,-3.834991972972869,
geom_223.out,0.00013333586,-4501.08150892,-4501.10802904,-0.7216495933676325,-9002.18953796,-0.0012845532,0.1665204169878524,9.381048025441135,3.190632707175961,16.505334267807545,6.57809162180347,9.379569979820994,704_systematic,train,0.0001333359,-3.875053,0.1664702,9.219479,-1.725311,-0.2587682,0.01850232,0.9998288,-0.565527,0.8247298,9.379525,0.7384743,-0.6742816,0.0003351746,7.021565e-05,6.700703e-05,,-0.001616072,0.02736695,,6.700703e-05,4.489942069420901e-09,6.700703e-05,-4.173879624697761,-3.868587112961575,
geom_158.out,0.0001224513,-4501.02074875,-4501.02074826,1.333359348373051e-05,-9002.04149701,0.0002574788,5.9997984196767735,7.810249675906654,6.003194182324939,14.775352751091932,6.086135155334625,5.000241886473503,704_systematic,train,0.0001224513,-3.912037,5.999798,4.999307,-0.09670211,1.0,1.0,-1.387779e-17,1.0,0.0,5.000242,0.997009,-0.07728563,7.253103e-06,4.552457e-06,4.422788e-06,,-9.178242e-06,4.76356e-05,,4.422788e-06,1.9561053692944e-11,4.422788e-06,-5.35430377921993,-3.905000562455326,
geom_118.out,0.0001142878799999,-4501.02001216,-4501.02002229,-0.0002756514872127,-9002.040034450001,-0.0002687808,5.999899148248719,7.35191240264273,6.005741918181716,13.70588191961123,6.123176314674355,4.248744071720053,704_systematic,train,0.0001142879,-3.942,5.999899,3.062604,2.944829,1.0,-0.4999999,-0.8660254,0.2159749,0.9763989,4.248713,-0.9969275,0.07832943,-3.450322e-06,-1.878036e-06,-2.386492e-06,,-7.152917e-06,0.001198372,,-2.386492e-06,5.695344066064e-12,2.386492e-06,-5.622239835157294,-3.93446554686617,-3.4052662964183806
geom_321.out,0.00010340332,-4501.0211022,-4501.06196889,-1.1120398482482508,-9002.08307109,-0.0002856622,6.933330717142866,8.622791681012362,5.326023859695148,14.255193885708112,6.961715444477243,5.126544795557647,704_systematic,train,0.0001034033,-3.985466,6.933574,4.213384,2.920158,0.7071054,-0.9237111,0.3830899,0.9970032,-0.07736031,5.126396,-0.7535431,0.6573985,-1.236002e-05,-1.773976e-06,-2.104417e-06,,1.288185e-05,8.792858e-05,,-2.104417e-06,4.428570909889e-12,2.104417e-06,-5.6768679921499015,-3.977145709474783,-3.3601313234852306
geom_301.out,0.00010068218,-4501.08351141,-4501.10663633,-0.6292614480783536,-9002.190147739999,-0.0003219642,7.776288152170353,7.856781686749416,3.869562066150381,13.60448449631422,6.181458417228495,1.121766931076145,704_systematic,test,0.0001006822,-3.997047,7.776689,1.102702,-0.2052649,2.828869e-08,-0.4314875,0.9021189,-0.4314876,0.9021189,1.121644,0.7410502,-0.6714496,9.937765e-05,1.091e-05,7.682323e-06,,2.7585e-05,0.06869209,,7.682323e-06,5.9018086676329e-11,7.682323e-06,-5.114507380528711,-3.988504919588437,
geom_252.out,9.52399e-05,-4500.96854958,-4501.00292555,-0.9354182700560464,-9001.971475130002,5.19977e-05,2.776043549377221,7.705203209939698,2.497272292072893,14.407086836668473,4.9245922444747645,7.18774921087444,704_systematic,train,9.52399e-05,-4.021181,2.776445,7.183499,-0.2439711,-1.240245e-05,-0.5654904,-0.8247549,-0.565513,-0.8247394,7.18764,0.9907935,-0.1353816,0.004701981,-0.001862735,-0.001696623,,0.003240064,,,-0.001696623,2.878529604129e-06,0.001696623,-2.770414649594365,-4.012155496450159,
md_123.out,9.251876e-05,-4501.02102304,-4501.02177495,-0.020460523772984,-9002.04279799,0.0006469893,6.042067152633951,7.204592168710801,5.587984091939239,14.031592486481854,5.86396260612847,3.924228948533821,slater_111_md,train,9.251871e-05,-4.03377,6.042072,3.85424,-0.7398757,0.9938587,0.9953663,-0.09615608,1.0,-8.996759e-06,3.924612,0.7257807,-0.6879261,-8.04331e-07,1.133658e-06,-9.864205e-07,0.0006469893,-2.279047e-06,0.217413,,-9.864205e-07,9.7302540282025e-13,9.864205e-07,-6.005937470445575,-4.024481984550143,
geom_544.out,9.251876e-05,-4501.02003863,-4501.02008944,-0.001382611238769,-9002.04012807,-0.000120666,6.000013334564032,6.326224255742599,6.000426712716855,12.1148867224296,6.182124472762579,2.005231487634234,704_systematic,train,9.251876e-05,-4.03377,6.000013,0.04430949,2.004503,1.0,0.4999995,-0.8660257,-0.3011595,0.9535738,2.004993,0.9960948,-0.08829039,5.979684e-06,3.5514e-06,3.793059e-06,,3.575701e-05,3.124807e-05,,3.793059e-06,1.4387296577481e-11,3.793059e-06,-5.421010287415106,-4.024481984550143,
geom_372.out,8.979762000000001e-05,-4501.08915253,-4501.06277082,0.7178832635035437,-9002.15192335,-0.00024864,6.777107335848404,7.459516602915097,2.838468444738993,14.084288116315784,5.464477186712376,3.11692221711671,704_systematic,train,8.979762e-05,-4.046735,6.777228,3.107517,-0.2410344,-4.041006e-05,-0.4313759,0.9021723,-0.4314639,0.9021302,3.116851,0.9524434,-0.3047157,0.0001964919,-0.004569179,-0.004208611,,0.001437963,0.1095439,,-0.004208611,1.7712406549321002e-05,0.004208611,-2.3758612139351407,-4.0371685784312845,
geom_435.out,8.435534e-05,-4501.02381766,-4501.06153756,-1.026411286871188,-9002.085355219999,0.0002188128,5.931651541838014,9.32635997925091,5.475676280760305,15.733229275773237,7.28061242624719,7.196978563868572,704_systematic,train,8.435534e-05,-4.073887,5.931709,7.153544,0.7892198,0.7070844,-0.5195811,-0.8544211,-0.5655495,-0.8247143,7.196948,0.9049538,0.4255099,1.29093e-05,3.141666e-06,3.05242e-06,,-1.676791e-07,0.01025459,,3.05242e-06,9.3172678564e-12,3.05242e-06,-5.515355567254676,-4.063710801572757,
geom_36.out,8.435534e-05,-4501.06583593,-4501.07095834,-0.1393879474929064,-9002.13679427,-0.0001689071,6.775917248695004,7.325636346007766,2.6222770737854915,13.324647652574232,5.114054373829536,2.784222209664223,704_systematic,test,8.435534e-05,-4.073887,6.776172,2.143825,1.776521,1.928185e-05,-0.4314561,0.9021339,-0.4314574,0.9021333,2.784243,-0.9309916,0.3650406,-0.004855475,-0.001645299,-0.001516041,,-0.01087832,0.05679005,,-0.001516041,2.2983803136810004e-06,0.001516041,-2.8192890531450843,-4.063710801572757,
geom_284.out,8.435534e-05,-4501.01952548,-4501.01953526,-0.0002661274989382,-9002.03906074,0.0007593019,6.999832025340452,9.95411151113609,7.0314560549721845,16.589933601714325,7.974177084852643,7.077194895800891,704_systematic,train,8.435534e-05,-4.073887,6.999832,5.100934,4.905785,1.0,-0.4999999,-0.8660254,0.2159749,0.9763989,7.077164,-0.9969598,0.07791811,-1.705938e-07,-5.775225e-08,-1.541465e-07,,-1.956194e-07,6.576781e-06,,-1.541465e-07,2.376114346225e-14,1.541465e-07,-6.812063514369254,-4.063710801572757,
geom_514.out,8.435534e-05,-4501.10535141,-4501.06309895,1.1497485900652755,-9002.16845036,-0.0002492993,7.886002551587752,8.530065992910078,4.492142439848718,14.229930356414048,6.48364099021738,3.2516133841144885,704_systematic,test,8.435534e-05,-4.073887,7.886241,3.14948,0.8081525,0.4999937,-0.4045192,0.9145295,-0.9970045,0.07734328,3.251512,0.5363262,0.8440108,0.0006291535,0.0002409323,0.000221045,,2.650901e-05,0.004084789,,0.000221045,4.8860892025e-08,0.000221045,-3.655519302348988,-4.063710801572757,
geom_172.out,8.163420000000001e-05,-4501.02058295,-4501.05912699,-1.048837290044535,-9002.07970994,-0.0006209281,2.837142958710253,10.093321586096422,5.61318575578646,15.9019801497073,7.813205579362736,9.686369829414982,704_systematic,train,8.16342e-05,-4.088128,2.837634,9.266289,2.821378,0.2588189,0.9756711,0.2192395,0.9970131,-0.07723212,9.686294,0.3788541,0.9254564,-7.885429e-07,8.558632e-07,1.133656e-06,,-6.307218e-06,0.0001835274,,1.133656e-06,1.2851759263360001e-12,1.133656e-06,-5.945518325990019,-4.077616092967418,
md_051.out,7.891306000000001e-05,-4501.02060068,-4501.02243862,-0.0500129205121733,-9002.043039299999,0.0006318234,6.585650375311556,8.394244475553057,6.679507084380479,14.660397273823415,7.066271684678138,5.205050379152134,slater_111_md,test,7.891302e-05,-4.102851,6.585619,-4.988091,1.486744,0.9905091,0.000135399,1.0,1.0,-8.785481e-06,5.204946,0.4005318,-0.9162829,2.567278e-07,4.861432e-07,-4.304906e-08,0.0006318234,-1.228478e-06,0.01688215,,-4.304906e-08,1.8532215668836e-15,4.304906e-08,-7.366026238922272,-4.091981374207682,
geom_412.out,7.074964e-05,-4501.09197986,-4501.10952386,-0.4773968016073715,-9002.20150372,0.0001106541,2.9999327187660456,4.128863275745517,3.000394430504096,11.386425311611193,3.000394430504096,2.836884846566205,704_systematic,test,7.074964e-05,-4.150276,2.999933,2.043889,1.967429,1.0,1.0,-6.456754e-09,-0.7375989,0.6752391,2.836945,-0.9970955,0.07616104,0.03554956,0.03563949,0.03434723,,0.04188046,0.2143495,,0.03434723,0.0011797322086728,0.03434723,-1.464108281713258,-4.138169151433469,
geom_244.out,7.074964e-05,-4501.0868188,-4501.1158534,-0.7900721144195811,-9002.202672200001,0.0002777719,4.885886948543749,8.137238342349388,4.148443899491591,13.514353222866829,6.174813530171498,6.507131208624187,704_systematic,test,7.074964e-05,-4.150276,4.886125,6.228497,1.883437,0.4999874,0.4045441,-0.9145185,0.996999,-0.07741417,6.507035,0.3859185,0.9225329,-0.0003017875,-0.0004103034,-0.0003698096,,-0.0002590096,0.007530219,,-0.0003698096,1.3675914025216e-07,0.0003698096,-3.432021817873455,-4.138169151433469,
md_127.out,6.530736e-05,-4501.02154561,-4501.06117428,-1.0783515908306265,-9002.08271989,-0.0004644107,8.085901920229286,9.473114685517588,7.268903841382481,16.042665824792213,7.790126060693819,4.935391775877708,slater_111_md,train,6.530733e-05,-4.185038,8.08586,4.802934,1.136205,0.9722106,-0.7332982,0.6799072,1.0,-5.008962e-06,4.935497,0.5984933,0.8011278,1.624109e-07,2.002151e-07,-5.773158e-09,-0.0004644107,-3.052659e-07,0.001185541,,-5.773158e-09,3.3329353292964e-17,5.773158e-09,-8.238511336563834,-4.171937443463716,
geom_415.out,6.530736e-05,-4501.02133192,-4501.05927037,-1.0323583383349897,-9002.08060229,-0.0001291546,7.968906837313178,7.969650123204344,6.005102457457824,12.730850462041293,7.117643294837764,0.1088434863199889,704_systematic,train,6.530736e-05,-4.185038,7.969057,0.09314843,-0.05607449,0.8660255,0.9657532,0.2594625,-0.5654229,-0.8248011,0.1087243,-0.5619419,-0.8271767,-9.519075e-06,-5.594755e-06,-5.281827e-06,,1.516577e-07,6.854402e-05,,-5.281827e-06,2.7897696457929e-11,5.281827e-06,-5.277215745474255,-4.171937443463716,
geom_111.out,6.530736e-05,-4501.02000894,-4501.02295317,-0.0801166202257882,-9002.04296211,-0.0001272489,6.991846865330027,8.128512165825551,6.242062720228466,14.28543991154371,6.930218002477339,4.14569504929495,704_systematic,train,6.530736e-05,-4.185038,6.991789,4.051537,0.8796456,0.9659109,0.9982448,-0.05922283,-0.431664,0.9020345,4.14593,0.65608,0.7546914,2.24247e-06,9.816643e-07,1.201419e-06,,2.065192e-07,3.472884e-05,,1.201419e-06,1.443407613561e-12,1.201419e-06,-5.920305142642251,-4.171937443463716,
geom_171.out,6.258622e-05,-4501.02037736,-4501.02032115,0.0015295527792179,-9002.04069851,0.0001960019,5.777905304591806,9.720209390075505,4.145287584926527,15.889087809441577,7.1733265253783065,7.816538932166965,704_systematic,train,6.258622e-05,-4.203521,5.778423,7.274062,2.860988,-2.024279e-06,0.9970081,-0.07729699,0.9970071,-0.07731037,7.816471,0.07181825,0.9974177,-3.957726e-05,8.230771e-05,6.957199e-05,,0.0004726586,0.2266678,,6.957199e-05,4.840261792560101e-09,6.957199e-05,-4.157565567895179,-4.189860132412727,
geom_416.out,5.986508e-05,-4501.05299298,-4501.07782348,-0.6756726676878245,-9002.130816460001,-0.0001343781,2.9677856058977548,5.861923889006492,2.4720561122063955,13.6350668453935,3.642465751967203,5.055136029616918,704_systematic,train,5.986508e-05,-4.222826,2.967877,5.051443,-0.1913737,0.8660254,0.9728193,0.2315654,-0.4315719,0.9020785,5.055066,0.9885507,-0.1508889,0.005147906,0.002477192,0.002345915,,-0.0004542556,,,0.002345915,5.503317187225e-06,0.002345915,-2.6296877276277435,-4.208554421135543,
md_043.out,5.714394e-05,-4501.02058622,-4501.0246446,-0.1104342015336442,-9002.04523082,-6.2785e-05,6.818435440109493,7.658284278188229,6.46345559619829,13.75507752460963,6.926982950709854,3.4868691163569467,slater_111_md,train,5.714391e-05,-4.24303,6.818443,1.082121,3.314528,0.9936463,0.3404678,-0.9402562,1.0,1.440723e-05,3.486701,0.3036515,-0.9527832,2.330839e-06,1.55236e-06,1.356746e-06,-6.2785e-05,2.580502e-06,1.723718e-05,,1.356746e-06,1.840759708516001e-12,1.356746e-06,-5.86750113004691,-4.228089747390854,
geom_64.out,5.44228e-05,-4501.01928721,-4501.01927324,0.0003801432471098,-9002.03856045,5.66866e-05,6.999999887897747,7.000000688276537,7.000000688276537,11.005030803025043,7.075053865192123,0.003347432377505,704_systematic,train,5.44228e-05,-4.264219,7.0,0.003205654,0.001000939,1.0,-0.5,0.8660254,0.9535736,0.3011601,0.003358288,0.3524594,0.9358271,1.790362e-06,1.128913e-06,1.083998e-06,,3.312655e-06,4.52833e-05,,1.083998e-06,1.1750516640040002e-12,1.083998e-06,-5.964971118438482,-4.248545365639425,
geom_133.out,4.898052e-05,-4501.07626021,-4501.05676533,0.53048297762958,-9002.13302554,-0.0001139802,0.1145058022063167,8.166963371552244,2.7671436811455963,15.329717245257886,5.5212715415169535,8.166160611544269,704_systematic,train,4.898052e-05,-4.309977,0.1143936,8.162356,0.2471216,-0.4999728,-0.5332199,0.8459767,-0.5655355,0.8247239,8.166096,0.9926805,0.1207705,0.004772072,0.004818954,0.004473583,,-0.0003318226,,,0.004473583,2.0012944857889e-05,0.004473583,-2.349344500526584,-4.292595739051553,
geom_497.out,4.898052e-05,-4501.01823762,-4501.12499156,-2.9049241629184395,-9002.143229180001,-9.20042e-05,3.935348546385154,6.981640767648033,2.906909514442615,13.932684892264414,4.894535022229181,5.766830986508038,704_systematic,train,4.898052e-05,-4.309977,3.935634,4.230521,3.918924,0.7071067,0.9994866,0.03203918,0.9970123,-0.07724257,5.766739,-0.9883385,0.1522726,-0.001875182,-0.001834702,-0.001828395,,0.009213134,,,-0.001828395,3.3430282760250003e-06,0.001828395,-2.737929974782118,-4.292595739051553,
geom_124.out,4.6259380000000005e-05,-4501.02044911,-4501.08188624,-1.6717903192774035,-9002.10233535,0.0001676449,6.969519204168501,9.915054069666995,5.160342302453491,16.88385807629358,7.459673801391117,7.052240726687263,704_systematic,train,4.625938e-05,-4.3348,6.969427,5.153935,4.813794,0.8659966,0.9683067,-0.2497642,-0.431612,0.9020594,7.052351,-0.9907059,0.1360212,4.931898e-06,5.852461e-06,6.052646e-06,,5.611286e-06,0.0003289568,,6.052646e-06,3.6634523601316007e-11,6.052646e-06,-5.218054654093817,-4.316418261878298,
geom_426.out,4.353824e-05,-4501.02273007,-4501.06400116,-1.1230441384262526,-9002.08673123,-0.0003212986,4.885813072445253,9.999257964479217,5.90890353590791,15.672745038199627,8.088332221934817,8.724333238782439,704_systematic,train,4.353824e-05,-4.361129,4.886051,8.247454,2.844587,0.4999874,0.4045441,-0.9145185,0.996999,-0.07741417,8.72423,0.2399187,0.970793,8.940297e-07,-4.25748e-07,-6.485094e-08,,-8.555825e-07,0.0009327053,,-6.485094e-08,4.2056444188836e-15,6.485094e-08,-7.188077027772764,-4.341623758373022,
geom_20.out,4.0817100000000006e-05,-4501.01600554,-4501.12046581,-2.8425101910626447,-9002.13647135,0.0001524388,5.931831282155353,7.23161544279354,2.97942054410585,14.083206678701448,4.850563089882762,4.13638000581344,704_systematic,train,4.08171e-05,-4.389158,5.931888,3.054729,2.789183,0.7071067,0.999741,-0.02275818,0.9970064,-0.07731962,4.136533,-0.9835498,0.1806372,-0.0003030963,0.0006682066,0.0005214777,,-0.002258733,0.06886831,,0.0005214777,2.7193899159729e-07,0.0005214777,-3.2827642577833864,-4.368382750788613,
geom_449.out,4.0817100000000006e-05,-4501.0961609,-4501.09540324,0.0206169893017073,-9002.191564140001,-5.97908e-05,2.9997579434917534,6.712396589604342,3.0047663521287307,14.699943093422164,3.874878560304826,6.004808094901129,704_systematic,train,4.08171e-05,-4.389158,2.999758,6.003929,-0.1125821,1.0,-0.4999999,-0.8660254,0.2159749,0.9763989,6.004984,0.9971891,-0.07492652,-0.0005413723,-0.007583887,-0.007378724,,0.005251724,0.1067841,,-0.007378724,5.4445567868176e-05,0.007378724,-2.132018734008544,-4.368382750788613,
geom_68.out,3.809596e-05,-4501.10133925,-4501.09392602,0.201724366812648,-9002.19526527,-7.36437e-05,3.88553685047606,8.091688691572916,2.9018459313371547,15.718423381963058,5.27263765323486,7.097748182692986,704_systematic,test,3.809596e-05,-4.419121,3.885649,7.091457,-0.2968096,0.4999835,-0.4660281,0.8847699,-0.4315001,0.9021129,7.097666,0.9860346,-0.1665409,0.004716726,0.0002265596,0.0002007628,,-0.0009500796,,,0.0002007628,4.030570186384e-08,0.0002007628,-3.697316753763253,-4.396899383940831,
geom_227.out,3.809596e-05,-4501.10606012,-4501.11432958,-0.2250235838581433,-9002.2203897,0.0001364969,2.967643171180064,10.01214253425734,4.154395395748581,17.887381264455538,6.751162746187875,9.562222133731956,704_systematic,train,3.809596e-05,-4.419121,2.967735,9.151959,2.770609,0.8660192,-0.6869643,0.7266912,-0.5655354,-0.824724,9.562146,0.3847562,0.9230183,0.0003656119,0.0003484602,0.0003091384,,0.000141347,0.005186039,,0.0003091384,9.556655035456e-08,0.0003091384,-3.5098470437670684,-4.396899383940831,
geom_89.out,3.809596e-05,-4501.06196457,-4501.08273106,-0.565085265983673,-9002.144695629999,-0.0001987971,9.77972822048446,9.782045355286645,5.890426924428993,14.929386304448116,8.160148544732444,0.2129020111338822,704_systematic,train,3.809596e-05,-4.419121,9.779763,0.1099132,-0.1821164,-5.760129e-05,-0.4311319,0.9022889,-0.4315086,0.9021088,0.2127141,-0.5656794,0.8246252,-4.669896e-07,7.079757e-07,7.590547e-07,,-5.219414e-07,0.0004550308,,7.590547e-07,5.761640375920899e-13,7.590547e-07,-6.119726354124185,-4.396899383940831,
geom_93.out,3.809596e-05,-4501.02018373,-4501.02018329,1.1973013123679266e-05,-9002.04036702,-3.16397e-05,6.99993287207897,7.54983443527075,7.000035087576347,13.01848834045643,7.000035087576347,2.828593252199449,704_systematic,train,3.809596e-05,-4.419121,6.999933,2.03857,1.960911,1.0,1.0,-2.498002e-16,1.0,0.0,2.828593,-0.996986,0.07758178,1.230193e-06,7.765166e-07,7.610474e-07,,1.587638e-06,2.92739e-05,,7.610474e-07,5.7919314504676e-13,7.610474e-07,-6.118587722750432,-4.396899383940831,
geom_346.out,2.72114e-05,-4501.10456191,-4501.10481444,-0.0068716948577828,-9002.20937635,6.46528e-05,4.967797675731823,7.37887092489664,4.067438221528878,14.22388350215826,5.687352130248487,5.456072065073783,704_systematic,train,2.72114e-05,-4.565249,4.967889,5.133456,1.848107,0.8660192,-0.6869643,0.7266912,-0.5655354,-0.824724,5.455994,0.1874159,0.9822807,-0.001058151,-0.0007685886,-0.0007001462,,-0.0003868994,0.008178885,,-0.0007001462,4.9020470137444e-07,0.0007001462,-3.1548112633317307,-4.534447628315581,
md_114.out,2.449026e-05,-4501.01964822,-4501.02014274,-0.0134565815238474,-9002.03979096,-3.68393e-05,6.686114662997545,8.102891541617966,6.736884642009836,14.60942098468088,6.771120381958735,4.577414340921435,slater_111_md,train,2.449025e-05,-4.611007,6.686119,4.2757,1.634362,0.9997858,-0.6691486,0.7431286,1.0,3.241593e-05,4.577417,0.1101453,0.9939155,1.032963e-06,5.173778e-07,6.761714e-07,-3.68393e-05,-3.089908e-07,2.860911e-05,,6.761714e-07,4.5720776217796e-13,6.761714e-07,-6.169942560237405,-4.576913779112691,
geom_26.out,2.449026e-05,-4501.02037661,-4501.02037629,8.70765490763006e-06,-9002.0407529,2.02865e-05,6.999717788717128,9.899494936611664,7.005522502183545,17.00318231741341,7.623261843135129,7.0002821999057305,704_systematic,train,2.449026e-05,-4.611007,6.999718,6.998973,-0.1353724,1.0,1.0,-4.1633360000000003e-17,1.0,0.0,7.000282,0.9970094,-0.07728024,8.391712e-07,5.456276e-07,4.958165e-07,,-3.337747e-07,2.33609e-05,,4.958165e-07,2.4583400167225013e-13,4.958165e-07,-6.304678148767659,-4.576913779112691,
geom_534.out,2.449026e-05,-4501.04790134,-4501.09027672,-1.1530934153214434,-9002.138178059999,-5.57554e-05,3.991294531748502,5.356864580124646,2.9971731819934924,12.647679046647731,3.8102057731369294,3.5728932380675054,704_systematic,test,2.449026e-05,-4.611007,3.99126,2.075357,2.908299,0.9659177,-0.9981466,0.06085604,0.5654377,0.824791,3.572858,-0.7885087,-0.6150235,-0.006959196,-0.004744244,-0.004210613,,0.004725386,,,-0.004210613,1.7729261835769e-05,0.004210613,-2.375654672912132,-4.576913779112691,
geom_288.out,2.176912e-05,-4501.07973707,-4501.03852445,1.1214530878651854,-9002.118261520001,5.46613e-05,2.970167346193785,5.070117698776825,2.624778912675123,12.0823468310961,3.9860350790143584,4.109038745869181,704_systematic,test,2.176912e-05,-4.662159,2.970347,4.10816,-0.07945133,0.8660253,0.9999283,0.01197465,0.997012,-0.07724633,4.108928,0.99701,-0.07727278,0.004799267,0.002315996,0.00221039,,-0.00800302,0.07487825,,0.00221039,4.8858239521e-06,0.00221039,-2.6555310926772973,-4.623986896783332,
geom_324.out,1.904798e-05,-4501.10351399,-4501.06142384,1.14533190768931,-9002.164937829999,6.4268e-05,6.931794678575185,8.925318186010738,4.0431752154308125,15.593400308539058,6.739361056586374,5.6224129389089486,704_systematic,train,1.904798e-05,-4.720151,6.931852,4.15334,3.789633,0.7070931,-0.4801605,0.8771806,-0.431511,0.9021077,5.622415,-0.9832964,0.1820114,0.0006764991,0.0002536504,0.000233357,,0.0001561129,0.005421067,,0.000233357,5.4455489449e-08,0.000233357,-3.63197916520926,-4.676789577593095,
geom_469.out,1.904798e-05,-4501.10520279,-4501.06065383,1.2122395701358846,-9002.165856619999,7.43128e-05,7.931792747430439,9.77002632865301,5.545160501319507,16.051303808300087,8.023415395221477,5.704391139673269,704_systematic,train,1.904798e-05,-4.720151,7.93185,4.212179,3.846638,0.7070844,-0.5195811,-0.8544211,-0.5655495,-0.8247143,5.704303,-0.9836079,0.1803204,1.937783e-05,1.043943e-05,9.20211e-06,,8.945654e-07,0.0001472482,,9.20211e-06,8.46788284521e-11,9.20211e-06,-5.036112532384334,-4.676789577593095,
geom_250.out,1.36057e-05,-4500.93200774,-4501.04048412,-2.951794166730814,-9001.97249186,3.64228e-05,0.0683567800909681,9.354313973373465,2.4133173352354644,17.516688696254207,6.247017092590031,9.35406421097619,704_systematic,train,1.36057e-05,-4.866279,0.06829978,8.092216,-4.692197,0.7071067,0.999741,0.02275818,0.9970064,0.07731962,9.35418,-0.5064496,-0.8622696,0.001354652,0.001245268,0.001250744,,-0.004685678,,,0.001250744,1.564360553536e-06,0.001250744,-2.9028315714658164,-4.806716746106686,
md_020.out,1.36057e-05,-4501.10370235,-4501.09990348,0.1033725711326162,-9002.20360583,6.1512e-05,6.466482179295286,6.821172787106628,5.756161029105684,11.851667478391215,6.428573836313386,2.1709459727087834,slater_111_md,train,1.360569e-05,-4.866279,6.466554,1.849905,1.136024,0.9708969,0.7226629,0.6912006,1.0,1.710459e-06,2.170875,-0.5908326,0.8067942,1.779607e-05,1.123111e-05,1.051079e-05,6.1512e-05,8.939926e-06,0.0001365354,,1.051079e-05,1.104767064241e-10,1.051079e-05,-4.978364599479976,-4.806716746106686,
geom_542.out,1.36057e-05,-4501.04275077,-4501.0540542,-0.3075821551081359,-9002.096804969999,-2.19328e-05,2.99979173483862,8.370836939997638,3.0090193638640814,16.237213447501176,5.3275024484427975,7.8148679210606575,704_systematic,train,1.36057e-05,-4.866279,2.999792,6.099739,4.885164,1.0,-1.0,5.390476e-07,0.6752376,0.7376003,7.814835,-0.9045464,0.4263751,-0.009557641,-0.009052341,-0.008294641,,-0.00853229,,,-0.008294641,6.8801069318881e-05,0.008294641,-2.0812024058612777,-4.806716746106686,
geom_179.out,1.36057e-05,-4501.09985748,-4501.05963065,1.0946283618479322,-9002.15948813,-3.38162e-05,2.999999891239589,3.000001605978237,3.000001605978237,9.006263541310014,3.1711807257502684,0.0032075589550044,704_systematic,test,1.36057e-05,-4.866279,3.0,0.003044946,0.001031068,1.0,-0.5,0.8660254,0.9535736,0.3011601,0.003214778,0.2617227,0.9651431,0.04764368,0.05026974,0.04877682,,0.007435232,0.4005973,,0.04877682,0.0023791781693124,0.04877682,-1.3117865168766565,-4.806716746106686,
geom_335.out,1.36057e-05,-4501.02147875,-4501.10076963,-2.1576158520421105,-9002.122248380001,-6.47314e-05,9.885816340596604,9.887669913031075,6.267180068084849,14.922250330158818,8.20105638307584,0.1914460473688691,704_systematic,train,1.36057e-05,-4.866279,9.885929,0.1914602,0.002825067,0.499971,0.9992473,-0.03879321,0.9969959,-0.07745395,0.191481,0.998259,0.05898297,-3.627015e-06,-1.376804e-06,-1.113472e-06,,-4.219419e-07,4.403463e-05,,-1.113472e-06,1.2398198947840002e-12,1.113472e-06,-5.953320309472492,-4.806716746106686,
geom_16.out,1.088456e-05,-4501.03270407,-4501.06875202,-0.9809151866179262,-9002.10145609,-5.36986e-05,0.7769907443817352,9.995481751054824,3.007337579688885,17.685167191700366,6.924957351054518,9.965236616298435,704_systematic,train,1.088456e-05,-4.963189,0.7771117,7.321824,6.759849,-5.277947e-05,-0.5656403,-0.8246521,-0.5655352,-0.8247241,9.965172,-0.9872992,0.1588721,-0.001922193,-0.00068609,-0.0005898724,,9.37664e-05,0.02791289,,-0.0005898724,3.4794944828176e-07,0.0005898724,-3.229241923162612,-4.889930407756056,
geom_40.out,1.088456e-05,-4501.01957454,-4501.01958238,-0.0002133373967451,-9002.03915692,-1.03915e-05,6.999717625087818,9.902809701096556,7.009750962473988,16.89921409266863,7.781753649217508,7.004969175176073,704_systematic,train,1.088456e-05,-4.963189,6.999718,7.003903,-0.1319436,1.0,-0.4999999,-0.8660254,0.2159749,0.9763989,7.005146,0.9971629,-0.07527413,-3.601247e-07,-2.844939e-07,-1.691553e-07,,-2.483154e-07,1.07253e-05,,-1.691553e-07,2.8613515518090006e-14,1.691553e-07,-6.771711822858058,-4.889930407756056,
geom_357.out,1.088456e-05,-4501.01952094,-4501.01952685,-0.0001608193809257,-9002.03904779,1.24239e-05,6.999811763263383,8.83526298285071,7.010417232179551,15.05065664930836,7.297766931095362,5.391150828442065,704_systematic,test,1.088456e-05,-4.963189,6.999812,5.042939,1.906345,1.0,-0.4999999,-0.8660254,0.2159749,0.9763989,5.391233,0.1247979,0.9921822,3.057443e-07,9.839767e-08,2.517031e-07,,-7.491055e-07,0.0001241172,,2.517031e-07,6.335445054960999e-14,2.517031e-07,-6.599109710185156,-4.889930407756056,
geom_154.out,8.16342e-06,-4501.0245844,-4501.10568606,-2.206889710925591,-9002.13027046,3.59275e-05,9.88581670993582,9.88761461184021,6.28350705725123,14.926158187685305,8.237226297305725,0.1885489056710169,704_systematic,test,8.16342e-06,-5.088128,9.885929,0.164253,-0.0925458,0.4999728,-0.5332199,-0.8459767,-0.5655355,-0.8247239,0.1885305,-0.463198,-0.8862548,1.565683e-06,1.165531e-06,1.188736e-06,,-2.294831e-07,1.592675e-05,,1.188736e-06,1.4130932776960002e-12,1.188736e-06,-5.9249142194628455,-4.992960126973375,
geom_461.out,8.16342e-06,-4501.08150836,-4501.07932432,0.0594307860676839,-9002.16083268,-1.71503e-05,3.885601840678785,8.271005906918216,2.5931830841444654,15.50686399049005,5.443284250814485,7.301481839187827,704_systematic,train,8.16342e-06,-5.088128,3.885714,6.240216,3.790764,0.4999728,-0.5332199,-0.8459767,-0.5655355,-0.8247239,7.301383,-0.5751512,0.8180471,-0.002786657,0.001051165,0.0008685759,,0.004107664,,,0.0008685759,7.5442409406081e-07,0.0008685759,-3.061192224487848,-4.992960126973375,
geom_96.out,8.16342e-06,-4501.04640042,-4501.06536947,-0.5161744071733576,-9002.111769890002,3.40626e-05,4.777966422692354,9.788683754805852,3.0406915087698394,17.345147841047105,6.662911371554031,8.54338144502658,704_systematic,train,8.16342e-06,-5.088128,4.778484,6.298507,5.772158,-1.234809e-07,-0.5654558,-0.8247786,-0.5654565,-0.8247781,8.54336,-0.984846,0.1734309,-0.0006128957,-0.002053723,-0.001896625,,0.003042089,0.01439454,,-0.001896625,3.597186390625e-06,0.001896625,-2.722018528940344,-4.992960126973375,
geom_510.out,8.16342e-06,-4501.02216124,-4501.05915755,-1.0067213899388134,-9002.08131879,6.6833e-06,7.967946016316787,8.040952304391876,6.077167170641927,12.661938049422488,7.2401913397324655,1.0810875277083074,704_systematic,train,8.16342e-06,-5.088128,7.968038,1.07665,-0.09699958,0.8660218,0.2858596,0.9582715,-0.9970046,0.07734174,1.081011,0.9361062,-0.3517174,-1.156306e-06,-1.492534e-06,-1.29621e-06,,1.676915e-07,4.054986e-05,,-1.29621e-06,1.6801603641000001e-12,1.29621e-06,-5.887324297325832,-4.992960126973375,
geom_341.out,8.16342e-06,-4501.04661168,-4501.06381763,-0.4681979878316714,-9002.11042931,2.93535e-05,5.886048641945027,6.555191909243085,2.5287102257730125,13.030999954166717,4.439865580094176,2.885302818018087,704_systematic,train,8.16342e-06,-5.088128,5.886287,2.200586,1.865947,0.4999892,-0.9942668,0.1069279,-0.565502,-0.8247469,2.885192,-0.9465519,0.3225517,0.002272271,0.009803421,0.008980692,,-0.004007807,0.2903403,,0.008980692,8.0652828798864e-05,0.008980692,-2.046690197782938,-4.992960126973375,
geom_491.out,5.44228e-06,-4501.07934521,-4501.08538379,-0.1643182158304229,-9002.164729,2.9163e-05,4.886668599199487,8.028729993833956,2.5394877413667505,15.64067085688325,4.956064151188219,6.370319875444775,704_systematic,train,5.44228e-06,-5.264219,4.886664,6.13262,1.724029,0.499965,-0.9988789,-0.04733936,-0.4315087,0.9021088,6.370346,0.456976,0.889479,0.008857679,0.006758504,0.006217231,,-0.004316771,0.1242938,,0.006217231,3.8653961307361e-05,0.006217231,-2.2064029961358087,-5.128293994598362,
geom_86.out,5.44228e-06,-4501.02021251,-4501.02021209,1.142879087910842e-05,-9002.0404246,5.2999e-06,6.999838733903405,8.06225774829855,7.000287217607576,14.332186466802613,7.000287217607576,4.000282202463416,704_systematic,train,5.44228e-06,-5.264219,6.999839,3.999534,-0.07737826,1.0,1.0,-1.387779e-17,1.0,0.0,4.000282,0.9970078,-0.07730044,2.22576e-07,1.560338e-07,9.944586e-08,,8.817255e-07,1.070331e-05,,9.944586e-08,9.8894790711396e-15,9.944586e-08,-7.002408925020208,-5.128293994598362,
md_094.out,5.44228e-06,-4501.01947915,-4501.01955495,-0.0020626241352099,-9002.0390341,5.8071e-06,6.848768266480993,7.879051542205191,6.866747364117381,14.004198662523535,6.970294212901346,3.895359603010863,slater_111_md,train,5.442277e-06,-5.264219,6.848769,3.627179,-1.420454,0.9999904,0.5956858,0.8032176,1.0,0.0002629057,3.895397,0.07769331,-0.9969773,2.353463e-07,4.550192e-07,-8.537267e-08,5.8071e-06,3.60961e-07,0.0002976402,,-8.537267e-08,7.2884927829289e-15,8.537267e-08,-7.068676048946254,-5.128293994598362,
md_047.out,5.44228e-06,-4501.03056745,-4501.13180844,-2.7549090752970447,-9002.162375889999,-9.4908e-06,3.7718307496473393,4.533180696649649,3.30804859636584,11.225449081744303,4.008100846250378,2.514561596877632,slater_111_md,train,5.442277e-06,-5.264219,3.771868,2.458296,-0.5295489,0.9744066,-0.7944052,-0.6073882,1.0,4.082182e-06,2.514685,0.6609716,-0.7504109,0.001013095,0.002301895,0.001957057,-9.4908e-06,-0.006060604,0.03646514,,0.001957057,3.830072101248999e-06,0.001957057,-2.708396524950455,-5.128293994598362,
md_052.out,2.72114e-06,-4501.02038611,-4501.02241666,-0.0552541082754309,-9002.04280277,-3.534e-06,7.103065215299434,8.628906189538625,7.102414915438973,14.80902578609832,7.463575722732503,4.8994373733175935,slater_111_md,train,2.721139e-06,-5.565249,7.103078,3.866041,3.009646,0.9987778,0.9136145,0.4065815,1.0,1.030112e-05,4.899412,-0.879653,0.475616,-1.941777e-07,-2.434606e-07,-7.923087e-10,-3.534e-06,-5.264713e-07,6.413611e-06,,-7.923087e-10,6.277530760956899e-19,7.923087e-10,-9.100557782898653,-5.32595312087229,
geom_164.out,2.72114e-06,-4501.0201123,-4501.02011193,1.0068210519057176e-05,-9002.04022423,1.696e-06,7.999999836661549,8.000004496861237,7.998914328569847,11.702019017661012,7.9997848032868974,0.0086349994321516,704_systematic,train,2.72114e-06,-5.565249,8.0,0.005800358,0.00642754,1.0,1.0,-6.456754e-09,-0.7375989,0.6752391,0.008657795,-0.9790641,-0.2035522,-5.187603e-08,-3.533067e-08,-3.148648e-08,,2.989831e-07,2.358417e-05,,-3.148648e-08,9.913984227904002e-16,3.148648e-08,-7.501862095345912,-5.32595312087229,
geom_88.out,2.72114e-06,-4501.08321105,-4501.08980281,-0.1793710180761583,-9002.17301386,5.4954e-06,3.9679183452243967,4.921849902238487,2.413709448635025,11.452613814495056,3.6410171637317226,2.912083526583103,704_systematic,test,2.72114e-06,-5.565249,3.96801,2.151514,1.962272,0.8660182,-0.2858406,-0.9582772,0.9969883,-0.07755196,2.911962,-0.9831419,0.1828443,-0.0201978,-0.02326383,-0.0219952,,0.01162704,0.4027033,,-0.0219952,0.00048378882304,0.0219952,-1.6576720846561672,-5.32595312087229,
geom_108.out,2.72114e-06,-4501.02474042,-4501.00407429,0.5623543298787721,-9002.02881471,-8.9757e-06,2.888766453258811,9.41897706560378,2.4840511334137227,17.28993053564779,6.412493785298588,8.96505199878375,704_systematic,train,2.72114e-06,-5.565249,2.888687,8.171962,3.68701,0.4999502,0.2463257,-0.9691871,-0.4315598,0.9020843,8.965211,-0.1242148,0.9922553,-0.003072535,-0.003124396,-0.00285282,,0.004883392,,,-0.00285282,8.138581952399999e-06,0.00285282,-2.544725629337859,-5.32595312087229,
geom_142.out,2.72114e-06,-4501.02574224,-4501.1044298,-2.14119867017604,-9002.13017204,-3.5001e-06,9.88906555990536,9.8907802350351,6.45661658857408,14.812543246619704,8.48974345018888,0.1841629975175434,704_systematic,train,2.72114e-06,-5.565249,9.888986,0.001704686,-0.1839914,0.4999666,-0.9625138,0.2712326,0.9970094,-0.07728037,0.1839993,0.9993134,0.03705058,9.045279e-07,3.911838e-07,5.311572e-07,,-9.562476e-08,0.0009086911,,5.311572e-07,2.8212797111184e-13,5.311572e-07,-6.274776109512834,-5.32595312087229,
geom_219.out,2.72114e-06,-4501.1036906,-4501.10339051,0.0081658690166128,-9002.20708111,-4.4752e-06,6.778067104130642,8.028718556008798,3.495236442163391,14.79672524087117,5.922363374969828,4.303269452811671,704_systematic,train,2.72114e-06,-5.565249,6.778585,3.241154,2.830697,-1.234809e-07,-0.5654558,-0.8247786,-0.5654565,-0.8247781,4.303246,-0.9637738,0.2667208,-0.0004128906,1.084629e-05,5.347504e-05,,-0.0009076934,0.04113006,0.009099667,5.347504e-05,2.8595799030016e-09,5.347504e-05,-4.271848873777156,-5.32595312087229,
geom_170.out,2.72114e-06,-4501.10355297,-4501.11043674,-0.1873170189795939,-9002.21398971,-6.1228e-06,3.9709298443315535,9.394023763795255,3.0939576729207205,17.509790796194597,6.307924873980507,8.513483343857963,704_systematic,train,2.72114e-06,-5.565249,3.970829,8.060031,2.742293,0.8660019,0.9999296,0.01186841,0.9970288,-0.07702907,8.513769,0.256119,0.9666453,-0.004572254,-0.002287974,-0.002112152,,0.005822623,0.01188853,,-0.002112152,4.461186071104e-06,0.002112152,-2.6752748310150403,-5.32595312087229,
geom_38.out,2.72114e-06,-4501.10054484,-4501.10224228,-0.0461897188048113,-9002.20278712,4.3518e-06,0.1141801693517549,9.117643217421978,3.445536536295762,16.11019659779417,6.177172805549397,9.11692825073927,704_systematic,train,2.72114e-06,-5.565249,0.1139422,8.266585,-3.844438,-0.4999874,0.4045441,0.9145185,0.996999,0.07741417,9.116805,-0.1696,-0.985513,0.0008704955,0.001064058,0.0009621484,,0.0003315296,0.03174902,,0.0009621484,9.2572954362256e-07,0.0009621484,-3.0167579375621707,-5.32595312087229,
geom_152.out,2.72114e-06,-4501.0201123,-4501.02011193,1.0068210519057176e-05,-9002.04022423,1.696e-06,7.999999836661549,8.000004496861237,7.998914328569847,11.702019017661012,7.9997848032868974,0.0086349994321516,704_systematic,train,2.72114e-06,-5.565249,8.0,0.005800358,0.00642754,1.0,1.0,-6.456754e-09,-0.7375989,0.6752391,0.008657795,-0.9790641,-0.2035522,-5.187603e-08,-3.533067e-08,-3.148648e-08,,2.989831e-07,2.358417e-05,,-3.148648e-08,9.913984227904002e-16,3.148648e-08,-7.501862095345912,-5.32595312087229,
geom_388.out,2.72114e-06,-4501.0206451,-4501.05890546,-1.0411179600818312,-9002.07955056,-1.8481e-05,6.99219947571897,9.019270988470469,6.778081065654571,15.136775337053596,7.553746182890513,5.697051487850569,704_systematic,train,2.72114e-06,-5.565249,6.992282,4.133193,3.920785,0.9659258,0.9999963,0.002734437,0.9970119,-0.07724831,5.697003,-0.9944434,0.1052725,-1.897076e-07,-8.08193e-08,-1.386294e-07,,-4.112588e-07,0.02585904,,-1.386294e-07,1.9218110544360004e-14,1.386294e-07,-6.858141523659547,-5.32595312087229,
geom_261.out,2.72114e-06,-4501.07397573,-4501.09577829,-0.5932781812017224,-9002.16975402,-5.8961e-06,5.931928923556257,5.93390181259633,2.9537486807265783,11.429875372013164,4.637617398064766,0.1530031614402481,704_systematic,train,2.72114e-06,-5.565249,5.931986,0.0767222,-0.1322867,0.7070931,-0.4801605,0.8771806,-0.431511,0.9021077,0.152925,-0.506781,0.8620748,0.005156326,0.002823431,0.002644792,,6.28192e-05,0.06565226,,0.002644792,6.994924723264e-06,0.002644792,-2.5776084772658274,-5.32595312087229,
geom_443.out,2.72114e-06,-4501.08098336,-4501.06167287,0.5254654675847089,-9002.14265623,1.4962e-06,0.1133850106446371,9.98603892010686,2.967037310909656,17.956551140276268,6.723309294587971,9.985395192642608,704_systematic,test,2.72114e-06,-5.565249,0.1133893,8.209371,-5.684656,0.499965,-0.9988789,0.04733936,-0.4315087,-0.9021088,9.985444,-0.7524622,-0.6586355,-0.001835692,-0.001567969,-0.001378916,,0.0008309699,0.02373147,,-0.001378916,1.901409335056e-06,0.001378916,-2.860462188801157,-5.32595312087229,
geom_1.out,2.72114e-06,-4501.0193956,-4501.01940195,-0.0001727923940494,-9002.038797550002,-2.4367e-06,6.999919200398282,7.281399589099063,7.000380324964637,12.574636652796377,7.075921612513031,2.0049716117759564,704_systematic,train,2.72114e-06,-5.565249,6.999919,2.004837,-0.03528665,1.0,-0.4999999,-0.8660254,0.2159749,0.9763989,2.005148,0.9975232,-0.07033763,-1.405914e-07,-1.102442e-07,-6.926349e-08,,3.24207e-06,2.742876e-06,,-6.926349e-08,4.7974310469800986e-15,6.926349e-08,-7.159489359176688,-5.32595312087229,
geom_379.out,2.72114e-06,-4501.02267869,-4501.12908247,-2.8953958190840954,-9002.15176116,-6.6655e-06,2.931604173601776,8.668394759146008,4.942534284266523,15.416714262342024,6.441034512551614,8.157620037100934,704_systematic,train,2.72114e-06,-5.565249,2.931661,8.15632,-0.1511285,0.707083,0.999741,-0.02275999,0.9969918,-0.07750732,8.15772,0.9972553,-0.07403973,3.555545e-05,1.425635e-05,1.210146e-05,,-2.475647e-05,0.1010187,,1.210146e-05,1.464453341316e-10,1.210146e-05,-4.917162194482317,-5.32595312087229,
geom_140.out,0.0,-4501.04921045,-4501.06717201,-0.4887591937840918,-9002.11638246,-3.144e-07,0.2230604634853868,9.437496063531151,2.680619037337085,17.511831310969935,6.210007779908573,9.43485961627388,704_systematic,train,0.0,,0.2229395,8.202958,-4.661427,-4.041006e-05,-0.4313759,-0.9021723,-0.4314639,-0.9021302,9.434904,-0.47611,-0.8793857,-0.004252241,-0.003946512,-0.003511237,,0.002976873,0.04189903,,-0.003511237,1.2328785270169e-05,0.003511237,-2.454539855595113,-5.698970004336019,
geom_203.out,0.0,-4501.12275362,-4501.1045279,0.4959473572181569,-9002.227281520001,7.886e-07,2.83233818599673,9.950195047342692,2.965436011149288,17.486658493578698,6.687922357591257,9.538566028513287,704_systematic,test,0.0,,2.832518,8.276527,4.741426,0.2587885,-0.5489183,-0.835876,-0.5655336,-0.8247253,9.538449,-0.4883089,0.8726709,-0.0005816955,-0.0001861492,-0.0001820064,,0.000898778,0.02185461,,-0.0001820064,3.312632964096e-08,0.0001820064,-3.739913338003417,-5.698970004336019,
geom_24.out,0.0,-4501.10430627,-4501.08207494,0.6049456131638458,-9002.18638121,3.39e-07,6.776043546035378,9.878300891674895,3.635645316434897,16.512241735128093,6.965337664057715,7.187910848688741,704_systematic,train,0.0,,6.776445,7.183659,-0.2440012,-1.240245e-05,-0.5654904,-0.8247549,-0.565513,-0.8247394,7.187802,0.9907917,-0.1353952,0.0003031369,0.0004120221,0.0003598589,,1.353206e-05,0.003383416,,0.0003598589,1.2949842790920998e-07,0.0003598589,-3.4438677507022764,-5.698970004336019,
geom_238.out,0.0,-4501.04978492,-4501.06631822,-0.4498942396074044,-9002.11610314,-2.8e-07,3.8859141903782897,6.463522953235797,2.4804212218568846,12.851397575528429,4.414480532214974,5.164958845143167,704_systematic,train,0.0,,3.886152,5.161282,-0.1916585,0.4999892,-0.9942668,0.1069279,-0.565502,-0.8247469,5.164839,0.9889989,-0.1479226,-0.002250375,0.003336327,0.003082717,,-0.002142247,,,0.003082717,9.503144102089e-06,0.003082717,-2.511066342463033,-5.698970004336019,
geom_232.out,0.0,-4501.10823607,-4501.0860496,0.6037249097752402,-9002.19428567,2.7e-08,7.886115762346911,7.888361868411337,4.432888090620944,13.121076054330755,6.419740852710879,0.1882316388644575,704_systematic,train,0.0,,7.886354,0.1623772,-0.09503175,0.4999892,-0.9942668,0.1069279,-0.565502,-0.8247469,0.1881419,-0.5203204,-0.8539711,-0.0003312762,-0.0002271571,-0.0002061089,,-9.215184e-05,0.02469949,,-0.0002061089,4.248087865921e-08,0.0002061089,-3.685903252414328,-5.698970004336019,
geom_8.out,0.0,-4501.12707532,-4501.12037565,0.182307400231515,-9002.24745097,-3.776e-07,6.891515930667105,9.565294234382444,3.452466996522632,16.736036335024522,6.805268777076553,6.633389930320056,704_systematic,train,0.0,,6.891423,6.058977,2.701007,0.4999593,0.9970365,0.0769301,0.9970163,-0.07719145,6.63375,-0.1063783,0.9943257,0.001252941,0.0001275084,0.0001054241,,0.0001958935,0.01441413,,0.0001054241,1.1114240860810001e-08,0.0001054241,-3.9770600937269376,-5.698970004336019,
geom_80.out,0.0,-4501.07932087,-4501.10869072,-0.7991947362890854,-9002.188011589998,-1.66e-08,4.9326746134455455,7.481689309984879,2.6932462619413395,14.837493155782786,4.915765615045635,5.625335197924818,704_systematic,train,0.0,,4.932636,4.155423,3.791738,0.7070783,-0.8830449,-0.4692885,-0.4315198,0.9021035,5.625373,-0.983316,0.1819055,-0.005794319,-0.004092755,-0.004193095,,0.009346876,,0.2094466,-0.004193095,1.7582045679025e-05,0.004193095,-2.3774652978772126,-5.698970004336019,
geom_550.out,0.0,-4501.04811562,-4501.05893847,-0.2945049004732827,-9002.10705409,8.73e-08,3.9998656101016543,6.931842834054232,4.00045833359579,14.301825566678998,4.774269194145215,5.661406201391587,704_systematic,test,0.0,,3.999866,4.080822,3.924006,1.0,-1.0,5.390476e-07,0.6752376,0.7376003,5.661354,-0.9969322,0.07827042,-0.002202814,-0.001842478,-0.001884047,,0.001106023,0.01858273,,-0.001884047,3.549633098209e-06,0.001884047,-2.7249082671374456,-5.698970004336019,
geom_84.out,0.0,-4501.05613845,-4501.05753982,-0.0381332396225425,-9002.11367827,6.754e-07,0.1113411904617513,10.10072566513763,2.515961811574453,18.294844736360183,6.431395341802975,10.100111984610692,704_systematic,train,0.0,,0.1114204,10.09414,0.3508826,-0.4999502,0.2463257,0.9691871,-0.4315598,-0.9020843,10.10024,0.9903567,0.138541,-0.002573246,-0.003030685,-0.00267919,,-0.002703774,0.0271471,,-0.00267919,7.1780590561e-06,0.00267919,-2.57199648629479,-5.698970004336019,
md_028.out,0.0,-4501.13133963,-4501.13446631,-0.0850813401437175,-9002.26580594,-6.178e-06,3.125426405430873,6.545990332757451,3.467855329038684,14.352163410124655,4.007472233283968,5.751669255163187,slater_111_md,train,0.0,,3.12542,-5.715839,0.6381828,0.9762275,0.2335731,-0.9723392,1.0,-7.136914e-06,5.751356,0.902712,-0.4302453,0.004586803,0.004147269,0.004100579,-6.178e-06,0.004982598,0.007468786,,0.004100579,1.6814748135241e-05,0.004100579,-2.38715481664962,-5.698970004336019,
md_117.out,0.0,-4501.02159266,-4501.08133166,-1.625581824582417,-9002.10292432,5.9147e-06,5.743442142177608,6.569168924583991,5.255992041207921,12.41559125860593,5.748378173731613,3.1885502535130734,slater_111_md,train,0.0,,5.743493,2.519631,1.953914,0.9762199,-0.8300859,0.5576356,1.0,4.483059e-06,3.188466,-0.876062,0.4821985,-5.178661e-05,-2.748424e-05,-2.672674e-05,5.9147e-06,2.279842e-05,0.0005670035,,-2.672674e-05,7.143186310275997e-10,2.672674e-05,-4.573053994928697,-5.698970004336019,
md_125.out,0.0,-4501.02157073,-4501.08252056,-1.6585302040627308,-9002.10409129,6.1e-09,7.275333801100047,7.846223299167185,6.734621612780408,12.727860309396116,7.380735509093522,2.9381521647057585,slater_111_md,train,0.0,,7.275388,2.926079,-0.2665778,0.9688538,-0.9876884,0.1564342,1.0,1.736636e-06,2.938197,0.934689,-0.3554666,7.351775e-07,5.100629e-07,4.22518e-07,6.1e-09,8.25546e-07,1.22865e-05,,4.22518e-07,1.78521460324e-13,4.22518e-07,-6.374153756750684,-5.698970004336019,
md_126.out,0.0,-4501.02128941,-4501.08286646,-1.675597738391181,-9002.10415587,4.0324e-06,5.263641422397011,7.098150152031513,5.226040989478939,13.76883644879501,5.602269332982305,4.762122904463025,slater_111_md,train,0.0,,5.263668,4.101683,2.419447,0.9875191,-0.9311703,-0.3645844,1.0,4.903717e-06,4.762093,-0.531987,0.8467525,2.433211e-05,8.938627e-06,1.325944e-05,4.0324e-06,-3.951285e-05,0.2746057,,1.325944e-05,1.7581274911359999e-10,1.325944e-05,-4.877474784810035,-5.698970004336019,
md_023.out,0.0,-4501.09270069,-4501.12939547,-0.9985163364998648,-9002.22209616,2.01e-08,5.506789609060998,5.639113444426616,4.955928825942015,11.052171898728774,5.3311805783909625,1.2144416991567917,slater_111_md,train,0.0,,5.506769,-0.4181492,1.139908,0.9857128,-0.865026,-0.5017271,1.0,-5.147588e-06,1.214182,0.1637109,0.9865084,0.0006414554,0.0004009667,0.0003799215,2.01e-08,0.0001126393,0.003949729,,0.0003799215,1.4434034616224997e-07,0.0003799215,-3.4203061276049977,-5.698970004336019,
md_112.out,0.0,-4501.0262426,-4501.06744056,-1.1210541687526487,-9002.093683160001,1.584e-07,4.280688533944464,4.625536792659421,4.28926206073166,10.983608848890055,4.329540580123484,1.7525114252416154,slater_111_md,train,0.0,,4.280687,-1.749034,0.1078623,0.9999938,-0.8560782,-0.5168463,1.0,-0.0001428433,1.752357,0.969805,-0.2438818,0.0005936735,0.0004467155,0.0003683867,1.584e-07,0.0001688253,0.003606344,,0.0003683867,1.3570876073689e-07,0.0003683867,-3.4336960565060424,-5.698970004336019,
md_025.out,0.0,-4501.02114126,-4501.08105892,-1.6304434133208094,-9002.102200180001,-7.09e-07,6.212578348980715,7.334748344590699,5.327900085647346,14.083035386305964,5.888585181915008,3.899025972759358,slater_111_md,train,0.0,,6.212539,3.36301,1.973065,0.9713354,-0.890366,0.4552453,1.0,-4.441482e-06,3.899079,-0.5239848,0.8517276,3.811725e-05,2.628283e-05,2.426002e-05,-7.09e-07,-4.966494e-05,0.07811099,,2.426002e-05,5.885485704004e-10,2.426002e-05,-4.615108827534566,-5.698970004336019,
md_105.out,0.0,-4501.02073365,-4501.08163028,-1.6570825575975223,-9002.10236393,-1.4713e-06,7.711034858393856,8.02802238108477,7.086027890356768,13.316569975969864,7.467506560004484,2.2336259229855018,slater_111_md,test,0.0,,7.711014,1.271503,1.836332,0.9802372,-0.7829432,-0.6220932,1.0,-6.772179e-06,2.23357,-0.7523826,-0.6587263,-1.045181e-07,-8.390738e-09,-1.276337e-07,-1.4713e-06,5.360102e-07,0.02141334,,-1.276337e-07,1.6290361375689996e-14,1.276337e-07,-6.894031238077269,-5.698970004336019,
md_142.out,0.0,-4501.02604804,-4501.067165,-1.118850045348933,-9002.09321304,9.25e-08,4.403726630815568,4.885774430125586,4.392488206153091,11.384316375907778,4.488942997257817,2.116124652073872,slater_111_md,train,0.0,,4.403724,0.4463859,-2.068696,0.9999657,-0.9260217,0.3774702,1.0,-0.0001834584,2.116309,0.6599147,0.7513405,-0.001108379,-0.0007052364,-0.0007228532,9.25e-08,0.0003409923,0.005893728,,-0.0007228532,5.2251674875024e-07,0.0007228532,-3.1409498914591047,-5.698970004336019,
md_049.out,0.0,-4501.06128758,-4501.07806913,-0.4566494696674179,-9002.139356709999,7e-10,7.561846938524523,8.946525829883743,7.430499098390498,14.99742389166016,7.786472422526262,4.7810872511495015,slater_111_md,train,0.0,,7.561856,0.5204254,4.752495,0.9984598,-0.9807757,-0.1951383,1.0,1.126463e-05,4.780904,0.9063279,-0.422575,1.183948e-08,2.104251e-08,5.3117e-09,7e-10,-1.03499e-07,1.271354e-06,,5.3117e-09,2.821415689e-17,5.3117e-09,-8.27468470733948,-5.698970004336019,
md_031.out,0.0,-4501.01994119,-4501.08021065,-1.6400163838246833,-9002.10015184,-5.42e-08,7.5446308178899315,9.264640532752797,6.885562640181918,15.72767291176085,7.624451131188002,5.3769982353420485,slater_111_md,train,0.0,,7.544606,3.420917,4.148383,0.9790713,-0.928243,-0.3719744,1.0,-6.896679e-06,5.376965,-0.9274531,-0.3739394,-1.52351e-07,-5.105794e-09,-1.988995e-07,-5.42e-08,-7.28966e-07,0.00722379,,-1.988995e-07,3.956101110025e-14,1.988995e-07,-6.701364125136157,-5.698970004336019,
md_022.out,0.0,-4501.10357942,-4501.10015227,0.0932575495067203,-9002.203731689999,6.804e-06,6.9428322361072246,7.447982506859559,6.209410016357914,13.314981481086182,6.783107446286989,2.696205475062381,slater_111_md,train,0.0,,6.942895,-0.3755599,2.669887,0.9778635,0.8143805,0.5803313,1.0,3.889534e-06,2.696171,0.8477897,0.5303326,6.901549e-06,4.169619e-06,4.280589e-06,6.804e-06,3.337484e-06,6.627962e-05,,4.280589e-06,1.8323442186921e-11,4.280589e-06,-5.368496367415572,-5.698970004336019,
md_147.out,0.0,-4501.13540096,-4501.13858801,-0.0867240923624887,-9002.273988969999,1.032e-07,3.781454057588293,4.243908036746791,3.2661446790583235,11.10354726405886,3.733688987368257,1.926489199220446,slater_111_md,train,0.0,,3.781425,1.471956,1.242851,0.9882565,-0.7625525,0.6469264,1.0,-7.214623e-06,1.926482,-0.9438281,0.3304368,-0.006179841,-0.006966027,-0.006922371,1.032e-07,0.0003863943,0.05777827,,-0.006922371,4.7919220261641e-05,0.006922371,-2.1597451286233227,-5.698970004336019,
md_080.out,0.0,-4501.02381734,-4501.06305981,-1.0678425481418925,-9002.086877149999,1.93e-08,5.498753458478513,7.400304555343855,5.474107518880316,14.372013057869868,5.681420107808346,4.952597087863457,slater_111_md,train,0.0,,5.498747,-1.3924,4.752629,0.9995439,-0.9665067,0.2566414,1.0,-5.066918e-05,4.952399,0.4175973,0.9086322,0.0001088412,6.948077e-05,6.656638e-05,1.93e-08,-3.570259e-05,0.0006960727,,6.656638e-05,4.4310829463043995e-09,6.656638e-05,-4.176745053600436,-5.698970004336019,
md_151.out,0.0,-4501.05079608,-4501.10686373,-1.5256792512328914,-9002.15765981,-3.843e-07,3.6508588211964654,6.141530160505768,3.5189732353408143,13.538457028676383,4.178156391534548,4.938585078754232,slater_111_md,train,0.0,,3.65087,0.233162,4.932899,0.9979547,-0.9925142,0.1221295,1.0,1.351035e-05,4.938407,0.9822065,-0.1878044,-0.0007746776,-0.0009850794,-0.001040587,-3.843e-07,-0.005351712,0.002882078,,-0.001040587,1.082821304569e-06,0.001040587,-2.982721603607416,-5.698970004336019,
md_071.out,0.0,-4501.02050648,-4501.06160977,-1.1184780655097375,-9002.08211625,-1e-10,6.388913865484183,6.471057542558327,6.330565063715719,11.172857936873491,6.435680515385067,1.02779635070619,slater_111_md,train,0.0,,6.388911,-0.9433487,-0.4078733,0.9998414,-0.8980842,-0.4398236,1.0,-6.183881e-05,1.027749,-0.06154228,0.9981045,1.688693e-05,1.081178e-05,1.030638e-05,-1e-10,1.264624e-05,0.0002286454,,1.030638e-05,1.062214687044e-10,1.030638e-05,-4.986893806844948,-5.698970004336019,
md_070.out,0.0,-4501.02061576,-4501.08017682,-1.6207398280923155,-9002.10079258,-7e-09,7.373153546267982,9.305088353617124,6.770435004457321,15.926017061107338,7.533183595677594,5.676378779801158,slater_111_md,train,0.0,,7.37313,-0.1206574,5.674882,0.9776053,-0.8200374,-0.5723099,1.0,-8.025329e-06,5.676164,0.9963868,0.08493137,-5.905155e-08,-1.022498e-07,6.431277e-08,-7e-09,-2.224907e-07,0.01165876,,6.431277e-08,4.1361323850729e-15,6.431277e-08,-7.1916960318228025,-5.698970004336019,
geom_100.out,0.0,-4501.02183062,-4501.0872099,-1.7790617397765849,-9002.109040520001,6.166e-07,8.88600832437655,9.623681778145306,5.414044628193325,15.421608275581798,7.540842417747834,3.695146414706273,704_systematic,test,0.0,,8.886246,3.20052,1.846593,0.4999892,-0.9942668,0.1069279,-0.565502,-0.8247469,3.695028,-0.4990027,0.8666004,8.914207e-06,1.147457e-05,1.017159e-05,,-5.500557e-07,0.0001321408,,1.017159e-05,1.034612431281e-10,1.017159e-05,-4.992611111140276,-5.698970004336019,
geom_193.out,0.0,-4501.06469155,-4501.08945394,-0.6738192992330282,-9002.15414549,-5.596e-06,5.9325469133981175,9.673941230498665,4.1118206804677175,17.12489415962084,6.688738713843216,7.641336666544177,704_systematic,test,0.0,,5.932509,7.135571,2.733923,0.7070783,-0.8830449,-0.4692885,-0.4315198,0.9021035,7.641381,0.1070389,0.9942548,0.0003169717,0.0002496106,0.0002161967,,7.149007e-05,0.3096027,,0.0002161967,4.6741013090890006e-08,0.0002161967,-3.665150937341205,-5.698970004336019,
geom_525.out,0.0,-4501.12535629,-4501.09351324,0.8664939707736491,-9002.21886953,2.55e-08,5.990919197474271,10.413935770230244,6.317122547544332,17.37305041345054,8.1627348968494,8.518153872513412,704_systematic,train,0.0,,5.990957,6.173165,5.869368,0.965922,-0.9983129,-0.058063,0.4312143,-0.9022495,8.518066,-0.9949153,0.1007155,-2.755199e-06,-1.857684e-06,-1.714312e-06,,-7.328127e-09,4.725903e-05,,-1.714312e-06,2.938865633344e-12,1.714312e-06,-5.76590988150114,-5.698970004336019,
geom_294.out,0.0,-4501.12628992,-4501.11374858,0.3412674192786664,-9002.2400385,2.1e-09,4.990870311567643,6.434624244934354,4.851635322743972,13.021648535697508,5.508839509729159,4.061477896851059,704_systematic,train,0.0,,4.99087,4.061084,-0.07196104,0.9659171,0.9999964,-0.002676994,0.9969556,-0.07797162,4.061722,0.9974897,-0.07081192,4.753549e-05,2.786967e-05,2.721767e-05,,-5.511965e-05,0.1213988,,2.721767e-05,7.408015602289e-10,2.721767e-05,-4.565149039864596,-5.698970004336019,
geom_355.out,0.0,-4501.0592567,-4501.08229006,-0.6267699722854235,-9002.14154676,1.2803e-06,5.886829858612396,6.515423341110615,2.479969942755355,13.067441336368534,4.896431811644476,2.792127420021972,704_systematic,train,0.0,,5.886826,2.133408,1.801347,0.499965,-0.9988789,-0.04733936,-0.4315087,0.9021088,2.792182,-0.943827,0.3304399,0.005669113,-0.0006987522,-0.0005415223,,0.002682273,,,-0.0005415223,2.9324640139729e-07,0.0005415223,-3.2663836535320865,-5.698970004336019,
geom_351.out,0.0,-4501.12733773,-4501.06507612,1.6942255743526518,-9002.19241385,-9.4e-09,8.83473803294701,8.837191206772713,5.066701087068291,13.990406032868274,7.265532408934323,0.2082121856677973,704_systematic,train,0.0,,8.835173,0.1782305,-0.1074004,0.258819,-0.7955053,0.6059467,-0.5654455,-0.8247857,0.2080889,-0.5634028,-0.8261824,4.578955e-05,-5.184961e-06,-6.56206e-06,,-1.676624e-05,0.01027187,,-6.56206e-06,4.30606314436e-11,6.56206e-06,-5.1829597367905285,-5.698970004336019,
geom_348.out,0.0,-4501.13080471,-4501.08990806,1.1128551018078878,-9002.22071277,9.9e-09,5.968195121578273,8.505326217242523,5.192209678717241,15.14584326489232,6.483877300717835,6.0598037140226175,704_systematic,train,0.0,,5.968147,6.056346,-0.2073716,0.8660052,-0.6955981,-0.7184311,-0.4315232,0.9021018,6.059895,0.9906427,-0.1364808,4.377462e-05,1.421085e-05,1.249875e-05,,6.340785e-06,0.0003501097,,1.249875e-05,1.562187515625e-10,1.249875e-05,-4.903133383864719,-5.698970004336019,
geom_319.out,0.0,-4501.10145368,-4501.09963222,0.0495644766556597,-9002.2010859,8.88e-08,5.833614031237042,9.355018656081503,3.3165702534583823,16.35032726525096,6.4241299761012005,7.313365941219359,704_systematic,train,0.0,,5.833664,6.258943,3.782887,0.2587682,0.01850232,-0.9998288,-0.565527,-0.8247298,7.313317,-0.5677656,0.8231902,-0.002219169,0.0005025346,0.0004322731,,0.0006950197,0.01593101,,0.0004322731,1.8686003298361005e-07,0.0004322731,-3.364241788409746,-5.698970004336019,
geom_313.out,0.0,-4501.08554572,-4501.08760742,-0.0561017433803519,-9002.17315314,-4.692e-07,4.932706303971484,6.539355312726324,2.661879284888028,13.54251558320558,4.432153420050122,4.293201186159575,704_systematic,train,0.0,,4.932668,3.193742,2.86907,0.7070695,0.8479343,-0.5301013,-0.5655412,-0.8247201,4.293198,-0.977189,0.2123714,0.007707364,0.007422493,0.00677479,,0.009021616,,,0.00677479,4.5897779544100005e-05,0.00677479,-2.1691041621244618,-5.698970004336019,
geom_310.out,0.0,-4501.02210745,-4501.08111534,-1.6056872979577024,-9002.10322279,0.0,5.96869839275855,9.898956624116806,6.139360312017775,16.24218263547095,8.091999020025892,7.8970869149596865,704_systematic,train,0.0,,5.968848,6.207098,4.88199,0.8660244,-0.7076022,0.706611,0.996999,-0.07741485,7.896955,-0.8889584,0.457988,2.418057e-06,1.574871e-06,1.533467e-06,,-3.056485e-07,4.152805e-05,,1.533467e-06,2.351521040089e-12,1.533467e-06,-5.814325282328007,-5.698970004336019,
geom_295.out,0.0,-4501.12404169,-4501.12741121,-0.0916893565274113,-9002.2514529,2e-10,4.932504728661021,9.956758905692254,4.813383599406451,16.673033922157927,7.340646697591568,8.64912972545901,704_systematic,train,0.0,,4.932466,8.192808,2.772413,0.7070695,0.8479343,-0.5301013,-0.5655412,-0.8247201,8.649183,0.2624847,0.9649361,-4.891854e-05,-2.183992e-05,-1.890098e-05,,-4.816506e-07,0.0004883748,,-1.890098e-05,3.5724704496039997e-10,1.890098e-05,-4.723515654460074,-5.698970004336019,
geom_99.out,0.0,-4501.10457221,-4501.08700591,0.4780036158199617,-9002.19157812,-1.125e-07,7.886655088641725,9.970610077316683,5.575117807917874,16.557274559943643,7.71452473394784,6.100306289580105,704_systematic,train,0.0,,7.886651,6.094078,-0.2756202,0.499965,-0.9988789,-0.04733936,-0.4315087,0.9021088,6.100308,0.9837025,-0.1798038,1.369078e-05,1.450793e-06,1.308484e-06,,7.665378e-07,0.0001349764,,1.308484e-06,1.712130378256e-12,1.308484e-06,-5.883231251590831,-5.698970004336019,
geom_374.out,0.0,-4501.01943864,-4501.01941321,0.0006919859095645,-9002.03885185,2.181e-07,7.999966326025883,8.124542180078333,8.003381201525576,12.615182558153093,8.031906323866707,1.4172947535089233,704_systematic,train,0.0,,7.999966,1.02239,0.9814752,1.0,-0.5,0.8660254,0.9535736,0.3011601,1.417242,-0.9966676,0.08157046,5.099182e-09,4.090666e-11,4.343694e-09,,2.50545e-07,0.2458676,,4.343694e-09,1.8867677565636e-17,4.343694e-09,-8.362040805818598,-5.698970004336019,
geom_505.out,0.0,-4501.02724234,-4501.05642727,-0.7941628042062415,-9002.083669610001,4.6941e-06,4.999818540178412,7.684631355896586,5.030746697530298,14.97016688416375,5.477336062189722,5.835698213694504,704_systematic,train,0.0,,4.999819,5.061344,2.904854,1.0,-1.0,5.390476e-07,0.6752376,0.7376003,5.835699,-0.4910729,0.8711185,0.0003621862,0.0002352306,0.0002250172,,-0.000116239,0.002234193,,0.0002250172,5.063274029584001e-08,0.0002250172,-3.647784281827083,-5.698970004336019,
geom_506.out,0.0,-4501.02724236,-4501.05642727,-0.794162259983997,-9002.08366963,4.6941e-06,4.999818540178412,7.684631355896586,5.030746697530298,14.97016688416375,5.477336062189722,5.835698213694504,704_systematic,test,0.0,,4.999819,5.061344,2.904854,1.0,-1.0,5.390476e-07,0.6752376,0.7376003,5.835699,-0.4910729,0.8711185,0.0003621862,0.0002352306,0.0002250172,,-0.000116239,0.002234193,8.551224e-05,0.0002250172,5.063274029584001e-08,0.0002250172,-3.647784281827083,-5.698970004336019,
geom_523.out,0.0,-4501.02596916,-4501.05798986,-0.8713280759669584,-9002.083959020001,1.2263e-06,4.99993948536469,6.16684514772578,4.999220953692785,12.865705837378842,5.061232618327674,3.609790051889456,704_systematic,test,0.0,,4.999939,2.061904,2.962848,1.0,-1.0,5.390476e-07,0.6752376,0.7376003,3.609698,-0.758581,-0.6515787,-0.0003651209,-0.0002407182,-0.0002201587,,3.513108e-05,0.002293856,,-0.0002201587,4.846985318569e-08,0.0002201587,-3.657264145900053,-5.698970004336019,
geom_541.out,0.0,-4501.04506124,-4501.05668021,-0.316168440263432,-9002.10174145,9.54e-08,5.99993273050354,6.635151322767929,6.021552988708229,12.521108359075605,6.176339882014591,2.833026703979568,704_systematic,test,0.0,,5.999933,2.042613,1.963028,1.0,-1.0,5.390476e-07,0.6752376,0.7376003,2.832975,-0.9968445,0.07937949,-3.678508e-05,-2.345886e-05,-2.235513e-05,,2.765981e-05,0.0003496778,,-2.235513e-05,4.997518373169001e-10,2.235513e-05,-4.6506227808435705,-5.698970004336019,
geom_540.out,0.0,-4501.06713926,-4501.08625981,-0.5202969342830575,-9002.15339907,2.1978e-06,5.96781445898023,8.479254339574265,3.980229630185298,15.56704346380426,6.151430435275603,6.023532579672456,704_systematic,train,0.0,,5.967833,1.195064,5.903716,0.8660121,-0.9999455,0.0104395,-0.9969993,0.07741028,6.023458,0.6974898,-0.7165947,-0.0001666407,5.623343e-05,5.034415e-05,,0.0003317019,0.2752717,,5.034415e-05,2.5345334392225e-09,5.034415e-05,-4.298050978655128,-5.698970004336019,
geom_524.out,0.0,-4501.02529879,-4501.05660895,-0.8519932878109574,-9002.081907740001,-2.5038e-06,4.999959747441759,8.06499950874326,5.010271687593797,15.457442695800752,5.663257332739172,6.328081826271776,704_systematic,train,0.0,,4.99996,2.119898,5.962288,1.0,-1.0,5.390476e-07,0.6752376,0.7376003,6.327941,0.2029306,-0.9791931,0.0004855719,0.0003202293,0.0003058779,,-7.943867e-05,0.003027907,,0.0003058779,9.356128970841e-08,0.0003058779,-3.5144518986951034,-5.698970004336019,
geom_511.out,0.0,-4501.04648909,-4501.05831424,-0.3217788867051649,-9002.10480333,5.98e-08,4.999966292375403,5.19736732163785,4.999763472070653,10.858046073751622,5.030672559328921,1.418789678260581,704_systematic,train,0.0,,4.999966,1.023428,0.9825533,1.0,-1.0,5.390476e-07,0.6752376,0.7376003,1.418738,-0.9966811,0.08140504,0.0006542508,0.0004294596,0.0004008309,,0.0001745805,0.003949086,,0.0004008309,1.6066541039481e-07,0.0004008309,-3.397038805063772,-5.698970004336019,
geom_51.out,0.0,-4501.08013523,-4501.08461265,-0.1218368665771893,-9002.16474788,-5.3279e-06,5.886894696414228,5.889892008282071,2.56840020933849,11.449486959382284,4.4600082751353725,0.1878794894474479,704_systematic,train,0.0,,5.88689,0.1651171,-0.08974297,0.4999545,0.5404253,-0.841392,-0.5655278,-0.8247292,0.1879294,-0.4083032,-0.9128464,-0.01098927,-0.01163929,-0.01104647,,-0.007606164,0.1506781,,-0.01104647,0.0001220244994608,0.01104647,-1.956776482522957,-5.698970004336019,
geom_386.out,0.0,-4501.02069931,-4501.11235294,-2.494023587384989,-9002.13305225,-3.55689e-05,9.885819050897943,9.88757866625237,6.263148447819595,14.930359194698095,8.242147441393474,0.1865303574012849,704_systematic,train,0.0,,9.885931,0.09300598,-0.1615351,0.4999835,-0.4660281,0.8847699,-0.4315001,0.9021129,0.1863967,-0.4958681,0.8683979,2.015985e-06,4.787926e-07,5.094197e-07,,-2.775667e-07,1.617572e-05,,5.094197e-07,2.595084307480901e-13,5.094197e-07,-6.2929234117219846,-5.698970004336019,
geom_147.out,0.0,-4501.11873041,-4501.12617912,-0.2026898272956985,-9002.24490953,-0.0,6.990930993912133,8.188534501618467,6.267689536116639,14.259046950842158,7.083037579828727,4.26368163944668,704_systematic,train,0.0,,6.99093,3.11073,2.915805,0.9659176,-0.5023163,-0.8646839,-0.5657439,-0.824581,4.263632,-0.9916481,0.128973,1.640355e-06,7.631072e-07,8.43993e-07,,-2.536784e-07,1.643152e-05,,8.43993e-07,7.12324184049e-13,8.43993e-07,-6.07366064078685,-5.698970004336019,
geom_28.out,0.0,-4501.11305335,-4501.07993799,0.9011153071042912,-9002.19299134,0.0,9.935482785518,9.93668152898567,6.968550881063939,14.77312663500469,8.538844138737396,0.1543425643185925,704_systematic,train,0.0,,9.935768,0.1541844,-0.003048275,0.7071067,0.9994866,0.03203918,0.9970123,-0.07724257,0.1542146,0.9968755,-0.07898859,-3.843677e-07,-1.672829e-07,-1.591057e-07,,-1.227046e-07,8.754291e-06,,-1.591057e-07,2.531462377249e-14,1.591057e-07,-6.798311531781687,-5.698970004336019,
geom_101.out,0.0,-4501.06382227,-4501.05517447,0.2353187449278875,-9002.118996739999,-7.3567e-06,3.888702729359292,9.81035563360274,2.681208578329929,17.511980643451786,6.594156822196831,9.006723529699055,704_systematic,test,0.0,,3.888623,8.999782,-0.3579286,0.4999666,-0.9625138,0.2712326,0.9970094,-0.07728037,9.006897,0.9873862,-0.1583304,-5.174165e-05,0.002897374,0.002592584,,-0.0003152853,0.008029288,,0.002592584,6.721491797056001e-06,0.002592584,-2.5862671633555987,-5.698970004336019,
geom_153.out,0.0,-4501.07991568,-4501.12895224,-1.3343534487806468,-9002.20886792,0.0,8.936599532342957,9.794272694787756,6.072555323774744,15.649313016597883,7.9647748583969395,4.008112575563798,704_systematic,train,0.0,,8.936489,4.00211,-0.2250532,0.7070735,0.9994925,0.03185623,0.997021,-0.07713021,4.008433,0.9748615,-0.2228119,7.979996e-07,-2.100487e-07,-2.107349e-07,,1.76594e-07,1.445781e-05,,-2.107349e-07,4.4409198078009997e-14,2.107349e-07,-6.676261473676168,-5.698970004336019,
geom_25.out,0.0,-4501.01971525,-4501.07514505,-1.508322459712622,-9002.0948603,-2.5943e-06,4.885682100628295,7.582205504275125,3.137154038208197,14.306013839846724,5.690495720568992,5.798271356245781,704_systematic,train,0.0,,4.885794,4.267837,3.92479,0.499971,0.9992473,-0.03879321,0.9969959,-0.07745395,5.798139,-0.9860225,0.1666125,0.00070198,0.002030106,0.001829594,,0.002764425,,0.2517102,0.001829594,3.347414204836e-06,0.001829594,-2.737645272393912,-5.698970004336019,
geom_112.out,0.0,-4501.10183312,-4501.10686314,-0.1368738862293405,-9002.20869626,-2.2212e-06,6.7759817073109305,6.77938135615854,2.627571382460427,12.07926359871677,5.1076329539430505,0.2146706184312231,704_systematic,train,0.0,,6.776237,0.1865529,-0.1060534,-3.149271e-05,-0.5655437,-0.8247183,-0.5655417,-0.8247197,0.214591,-0.4767162,-0.8790572,-0.0003896827,-0.0006630065,-0.0005935827,,0.001028384,0.1902091,,-0.0005935827,3.5234042173929e-07,0.0005935827,-3.2265187643491715,-5.698970004336019,
geom_136.out,0.0,-4501.08578985,-4501.03624882,1.3480807837420088,-9002.12203867,3.6e-09,5.776990557278206,8.334001223997511,2.666561784450531,16.00656917792723,5.285358437511026,6.006825825900934,704_systematic,train,0.0,,5.777112,5.997919,-0.3278584,-2.106085e-05,0.9969957,-0.07745669,0.9969997,-0.07740601,6.006873,0.9762387,-0.2166979,0.005054187,0.004918984,0.004659307,,-0.008278109,,,0.004659307,2.1709141720248995e-05,0.004659307,-2.331678673014403,-5.698970004336019,
geom_462.out,0.0,-4501.06605426,-4501.0856776,-0.5339785540809029,-9002.15173186,-7.334e-07,7.886816348890096,8.162689343218263,4.491773679159492,13.722085567451948,6.580001556693129,2.104192289874881,704_systematic,train,0.0,,7.886812,2.094826,-0.1982947,0.499965,-0.9988789,-0.04733936,-0.4315087,0.9021088,2.10419,0.9295845,-0.3686091,-0.0005062605,-0.0001734206,-0.0001575352,,3.53291e-05,0.002726436,,-0.0001575352,2.4817339239040002e-08,0.0001575352,-3.802622388592255,-5.698970004336019,
geom_293.out,0.0,-4501.12388327,-4501.11979849,0.1111525824943053,-9002.24368176,1.16e-08,4.969460715417504,8.021538897537368,3.1401217886946675,15.487658192488786,5.121177925791487,6.296788584876196,704_systematic,train,0.0,,4.969369,6.040572,1.778486,0.8660063,-0.7004511,-0.7137004,0.9970171,-0.07718132,6.296946,0.4127441,0.910847,0.001259094,-0.0001709545,-0.0002054233,,-0.001188761,,,-0.0002054233,4.219873218289e-08,0.0002054233,-3.687350296270493,-5.698970004336019,
geom_486.out,0.0,-4501.06637074,-4501.06810736,-0.0472558614672982,-9002.1344781,-3.57e-08,4.832660366907375,9.84780451395198,2.603343411652216,17.24086704805199,6.623372878085606,8.580480611430554,704_systematic,train,0.0,,4.832981,8.15637,2.664132,0.258819,0.1210461,0.9926469,-0.4315156,0.9021055,8.580441,0.3031219,0.9529518,0.0008723351,0.0002447546,0.0002400087,,0.003421067,0.03370731,,0.0002400087,5.760417607569e-08,0.0002400087,-3.619773013589268,-5.698970004336019,
geom_42.out,0.0,-4501.10446211,-4501.08452336,0.5425613017421121,-9002.18898547,-3.627e-07,0.0682330988715409,10.135478729554514,3.493276562367772,17.927840805665834,6.83271447746033,10.135249050786586,704_systematic,train,0.0,,0.06807285,10.13153,0.2709914,-0.7070981,-0.8686181,-0.4954822,-0.5655095,0.8247418,10.13515,0.9942848,0.10676,-0.0004002659,-0.0005907577,-0.0005266914,,0.0002573914,0.0181053,,-0.0005266914,2.7740383083396e-07,0.0005266914,-3.278443772071104,-5.698970004336019,
geom_451.out,0.0,-4501.0200458,-4501.02049688,-0.0122745183105844,-9002.040542679999,1.927e-07,7.999878884500728,8.545651056305307,8.011006995496881,13.950432142046711,8.086574420427352,3.0050107835832094,704_systematic,test,0.0,,7.999879,3.004691,-0.05462557,1.0,-0.4999999,-0.8660254,0.2159749,0.9763989,3.005187,0.9973576,-0.07264833,-1.31101e-08,-2.298407e-08,3.837689e-09,,1.239169e-07,6.32055e-07,,3.837689e-09,1.4727856860721006e-17,3.837689e-09,-8.41581707179899,-5.698970004336019,
geom_45.out,0.0,-4501.11560252,-4501.12559224,-0.2718342668023953,-9002.24119476,-5.4e-09,3.991423060820405,7.585375667238638,4.09915721961649,14.842712795328955,5.5025230078411305,6.450307431641306,704_systematic,train,0.0,,3.99149,5.135711,3.902532,0.9659253,-0.5525593,0.8334736,0.9969865,-0.07757559,6.450216,-0.8564664,0.5162028,-0.0006300633,-0.0003478744,-0.0003603525,,-0.0007453849,0.007208267,,-0.0003603525,1.2985392425625e-07,0.0003603525,-3.443272459405205,-5.698970004336019,
geom_437.out,0.0,-4501.09014924,-4501.06955473,0.5604054494053601,-9002.15970397,-4.8002e-06,6.832629524055344,6.835758443376639,2.81155339259154,12.157965966249204,5.1141044910378,0.2068025222337817,704_systematic,train,0.0,,6.832809,0.1026993,-0.1793,0.2588005,-0.4494311,0.893315,-0.4314825,0.9021213,0.2066292,-0.4880536,0.8728137,0.001040852,0.0004226358,0.0004128982,,-0.001175862,0.04653671,,0.0004128982,1.7048492356324e-07,0.0004128982,-3.384157009344903,-5.698970004336019,
geom_433.out,0.0,-4501.13002332,-4501.12706394,0.0805288729318084,-9002.25708726,-2.1e-09,7.934475159864197,8.984101290257863,5.163103469842242,15.448926529660046,6.879835399337763,4.214045553990963,704_systematic,train,0.0,,7.934376,3.13729,2.813674,0.7070662,0.805692,-0.5923347,-0.4315832,0.9020731,4.214184,-0.9764815,0.2156013,2.513649e-05,2.358728e-05,1.971706e-05,,-7.299801e-06,0.0003982048,,1.971706e-05,3.887624550436e-10,1.971706e-05,-4.705157819952933,-5.698970004336019,
geom_430.out,0.0,-4501.07827311,-4501.06118244,0.46506105762606,-9002.139455550001,-3.601e-06,1.9319216147722649,8.882363935194956,2.465636186795813,16.674572392070058,5.848559748390709,8.669721330678843,704_systematic,train,0.0,,1.932082,7.228827,4.786053,0.7070981,-0.8686181,0.4954822,-0.5655095,-0.8247418,8.669616,-0.695045,0.7189662,-0.01003757,-0.009224206,-0.008600117,,0.006723299,,,-0.008600117,7.396201241368898e-05,0.008600117,-2.065495640321196,-5.698970004336019,
geom_43.out,0.0,-4501.12670663,-4501.1229894,0.1011510324190851,-9002.24969603,-1e-10,6.775813902128916,9.839757698857731,4.066386815961438,16.785083125543107,7.561754055257616,7.135066750630054,704_systematic,train,0.0,,6.776069,5.282275,4.796355,-3.149271e-05,-0.5655437,-0.8247183,-0.5655417,-0.8247197,7.134946,-0.9814903,0.191512,0.0002202998,0.0002812651,0.0002567134,,0.0001722546,0.001074686,,0.0002567134,6.590176973956003e-08,0.0002567134,-3.590551459616669,-5.698970004336019,
geom_423.out,0.0,-4501.06493468,-4501.08669092,-0.5920177491437879,-9002.1516256,-1.5382e-06,6.885947958000357,9.908378119904691,4.253769973567095,16.662290532981743,7.331402073908168,7.124582632457618,704_systematic,train,0.0,,6.886186,5.25806,4.807385,0.4999892,-0.9942668,0.1069279,-0.565502,-0.8247469,7.124474,-0.9840261,0.1780244,0.0003050437,8.040337e-05,7.586564e-05,,0.0001235262,0.002538953,0.0001115185,7.586564e-05,5.755595332609599e-09,7.586564e-05,-4.1199548684076746,-5.698970004336019,
md_098.out,0.0,-4501.02197142,-4501.062828,-1.1117647410080311,-9002.084799420001,1.1e-09,5.301195403821002,6.016360371346866,5.174365408672449,12.370334995818018,5.454123411887651,2.84498144254406,slater_111_md,train,0.0,,5.3012,0.4345535,2.811412,0.9994071,-0.8976355,-0.4407387,1.0,5.540356e-05,2.844797,0.817686,-0.5756645,-0.0002673913,-0.0001744783,-0.0001665565,1.1e-09,0.0001414581,0.001674231,,-0.0001665565,2.774106769225001e-08,0.0001665565,-3.7784384113467104,-5.698970004336019,
