Actual_File_Name,True_Coupling_log10,Predicted_Coupling_log10,Predicted_True_Ratio_Linear,Min_HeavyDist_Ang,cos_theta,cos_4phi,cos_4psi,FeFe_Dist_Ang
md_030.out,-2.013953465701552,-4.496692162103482,0.0032904955181233854,3.824512663194619,0.9687927,-0.9487918,1.0,4.891317523841302
geom_156.out,-1.4773706650340994,-3.3160275130236627,0.014499170337266378,3.047280490749088,0.499971,0.9992473,0.9969959,7.2254306659921665
geom_29.out,-2.235905145840023,-3.8844198978317444,0.022463904699418773,2.9501994644630387,0.7070798,-0.9158167,0.9970127,9.793494170470364
geom_47.out,-2.046770052136309,-3.6791586577860613,0.02331371023540627,2.6467304872904984,-5.760129e-05,-0.4311319,-0.4315086,9.899742892261647
geom_155.out,-1.9874431974157192,-3.5759287668415993,0.0257937466949746,2.886390672049264,5.760129e-05,-0.4311319,-0.4315086,9.699748209767357
geom_434.out,-2.6298753881439567,-4.214106773067105,0.026047654042780928,2.528246150528267,0.2587682,0.01850232,-0.565527,6.5136630290208455
geom_468.out,-2.070019165573424,-3.6538461979005845,0.02607191716754582,2.5105751033205523,1.928185e-05,-0.4314561,-0.4314574,9.880153231299095
geom_215.out,-2.776561183032057,-4.291386832387698,0.030561477794860455,3.0475357867432824,-0.5000001,0.2252306,-0.5654367,9.960648323620054
md_096.out,-1.9300937264438716,-3.4283198054737447,0.031752207277487045,4.609427950801813,0.9989341,-0.6616012,1.0,5.334366358168794
geom_212.out,-3.1092856939288533,-4.455758811804596,0.04503258548656654,6.051269774266141,0.8660244,-0.7076022,0.996999,7.969689469869326
md_076.out,-1.170942192799476,-2.500332209752152,0.04683925545799422,3.427394428602579,0.9927771,-0.7520881,1.0,6.788695001828334
geom_182.out,-1.8949350606861486,-3.213151589526028,0.048059967320592964,3.510871700625644,0.7070844,-0.5195811,-0.5655495,6.7105995605886815
geom_221.out,-2.3639243815484368,-3.667327744030054,0.04972750131164102,2.50724027364132,2.828869e-08,-0.4314875,-0.4314876,9.903942976069734
md_148.out,-2.7050698865325877,-4.007122969205028,0.04988235138474458,4.656590848570765,0.9995764,-0.7872706,1.0,5.0499628442503415
geom_287.out,-2.2085092692702886,-3.4986452520938656,0.051270082606379615,3.1922595037994643,0.2587885,-0.5489183,-0.5655336,8.5007525243453
geom_482.out,-2.150153013613501,-3.431494864782696,0.05231884511684657,4.266016869506965,-0.4999874,0.4045441,0.996999,9.246105441763088
geom_393.out,-2.9250311297353235,-4.200132330331183,0.05307607503662547,3.075271948101338,0.258819,-0.7955053,-0.5654455,6.993506876028721
geom_211.out,-1.7833692122121783,-3.0569396057159466,0.05326348841181069,3.5102337229936698,0.7071067,0.9994866,0.9970123,10.052563146207287
geom_141.out,-2.074485338290622,-3.282425422537493,0.06195265397565329,2.7954866139853003,0.4999502,0.2463257,-0.4315598,7.176801722380939
geom_356.out,-2.5035196392073713,-3.699441372445733,0.06369102919136889,3.813016369305802,0.4999502,0.2463257,-0.4315598,9.931152851626544
geom_354.out,-1.5869437156505444,-2.76295252876708,0.0666793237873985,2.5677486691109395,0.8660158,-0.4909323,-0.4315093,8.189156793297707
geom_107.out,-2.521205474550613,-3.690063610114777,0.06778628987107,2.999083277410449,0.258819,-0.7955053,-0.5654455,7.803057889382918
geom_188.out,-0.7738761630946084,-1.9352725886328344,0.06896100379774163,3.0319201120751846,1.0,-0.5,0.9535736,5.918693913007498
geom_13.out,-1.1625109572637622,-2.3027217532414284,0.07240844218022328,3.001911033075431,1.0,1.0,-0.7375989,5.203002205438702
geom_422.out,-1.1702945206263753,-2.2822005085624006,0.07728478659674415,2.487640870367948,0.7071068,0.7936536,-0.5654281,7.193828434409943
geom_369.out,-3.029025375822282,-4.106798346424043,0.08360399476694413,3.647687858427308,0.4999728,-0.5332199,-0.5655355,9.550765765752818
geom_421.out,-2.4039604938694077,-3.467678532652748,0.08635390096128474,2.959067717252513,-1.928185e-05,-0.4314561,-0.4314574,9.446321076162402
geom_309.out,-2.380632914209,-3.4383812713182955,0.08754909132602073,3.3823303575817367,0.4999817,0.4584142,0.997005,9.77205599871982
geom_345.out,-2.437906171307348,-3.467582709034154,0.09339496469626762,4.092662175751378,0.2587634,-0.8085362,-0.4315364,9.640123931389784
md_086.out,-3.072858959807213,-4.06173649881989,0.10259411771236018,6.820502642310023,0.9876093,0.9344498,1.0,7.545108599001807
md_082.out,-3.1002605989735597,-4.072861784678896,0.10651206736783335,6.820741197327825,0.9660471,0.7701655,1.0,8.018547243420718
geom_343.out,-3.2233499030862123,-4.142718875743409,0.12040125875314685,6.8980274490243225,0.9659258,0.9999964,0.9970101,7.9912319099896605
geom_181.out,-1.6795637082579462,-2.5962271061212476,0.12115367774655907,2.9464265233085314,0.8660096,-0.5090137,-0.5655927,8.239897322906943
md_048.out,-3.159160517242449,-4.068736735334976,0.1231469845483146,6.66354809570547,0.9791318,0.9934569,1.0,7.936008315116674
geom_385.out,-3.384163384471189,-4.291216890017637,0.1238643974862037,5.034678473956903,0.8660052,-0.6955981,-0.4315232,7.106915509678795
geom_370.out,-1.257053313461278,-2.1496228006976352,0.12806501737635706,2.503475419834196,1.0,-0.5,0.9535736,10.003021625282631
geom_189.out,-2.1874449143328807,-3.075932742137386,0.12927429326721102,2.9843413874429645,0.7070735,0.9994925,0.997021,7.239565706578331
geom_307.out,-1.9815137578656057,-2.860439552782097,0.1321521414696696,2.4557516022028776,0.7070695,0.8479343,-0.5655412,6.434915687565923
geom_175.out,-2.5359729138222313,-3.4144443126246884,0.132290482727578,3.829333173073088,-5.760129e-05,-0.4311319,-0.4315086,9.895716211214072
geom_418.out,-2.313675376436351,-3.1752051751776342,0.13755304262035473,3.161257153383286,0.7071067,0.9994866,0.9970123,6.623405152071327
geom_342.out,-2.802019603484118,-3.6622289917922863,0.13797188942796412,2.500852046407184,0.5000002,0.5897607,-0.4315365,6.51219178957707
geom_390.out,-3.027763752788911,-3.872420657462147,0.14300232395866525,5.050689751941115,0.258819,-0.7955053,-0.5654455,9.697172393283571
geom_334.out,-3.3700831639770126,-4.214731803854523,0.14300504537533296,7.148423896180193,0.8660086,0.9999455,0.996983,10.07174988679723
geom_289.out,-2.955937582952736,-3.794095862179944,0.14515824899180985,4.015469082065756,0.2587634,-0.8085362,-0.4315364,7.838953336546532
geom_493.out,-2.503896554085337,-3.3244596784687843,0.15115999734486008,4.46173965193152,0.4999999,0.9970123,0.9970127,8.625208616104889
geom_163.out,-0.9892680779059512,-1.7791653198811712,0.16221938777811998,2.9003184187088835,0.9659137,0.9999964,0.9970496,3.993113777347197
geom_123.out,-2.279976555229097,-3.0662956749570043,0.16356142298866047,5.002749085677294,1.0,-0.5,0.9535736,5.745986567672431
md_100.out,-3.2871016938673945,-4.070161264543028,0.16479363342810285,5.997534986554809,0.9999778,-0.6406314,1.0,6.55316689408518
geom_173.out,-2.5479089592649093,-3.320782998051669,0.16870422581209313,3.5109163566455126,0.7071054,-0.9237111,0.9970032,8.27003363802929
geom_471.out,-1.1905056239253784,-1.9495738478613944,0.1741533271970674,2.4474640939241583,0.8660086,0.9999455,0.996983,8.221317034526766
geom_9.out,-3.091419243145488,-3.8472014049187173,0.17547604532800848,5.57296559099417,0.4999999,0.9970123,0.9970127,9.969665173481506
md_007.out,-3.575199058208508,-4.328151171537023,0.17662325602905188,7.120973286910225,0.999873,-0.6868196,1.0,9.168239638560175
geom_365.out,-2.5830977868028704,-3.3200735178058913,0.18324168175835323,4.242946556157054,0.4999999,0.9970123,0.9970127,8.438621076415863
geom_113.out,-1.906595342317151,-2.6425465615464603,0.1836744638364852,3.882176666072784,0.8660254,0.9999455,0.9970082,5.968799617815964
geom_320.out,-2.349946060332189,-3.070773443313019,0.1901834042899854,2.8217090440996926,0.7070695,0.8479343,-0.5655412,9.560135768182478
geom_234.out,-3.280288556830118,-4.000914568440823,0.1902716079730969,5.282264850726343,0.258819,-0.7955053,-0.5654455,9.774259072945682
geom_65.out,-0.9449075725989343,-1.6613746958117446,0.19210243808671576,3.002615140618924,1.0,-0.5,0.9535736,7.813071715776837
geom_183.out,-1.7175077671609644,-2.4323835723002603,0.19280762048380493,2.415157771017248,0.2587735,0.9758127,0.9970126,8.516480250278574
geom_151.out,-2.896178757154008,-3.6099860330325093,0.19328258446604882,3.828440545211457,0.5000002,0.5897607,-0.4315365,9.837288849283375
md_124.out,-3.243578232076282,-3.948308103191298,0.1973649954311241,6.587584779034422,0.9712524,0.6961828,1.0,8.35170922054863
geom_60.out,-2.8258864629284526,-3.5294324013699523,0.19790376731600878,3.298499983656056,-5.277947e-05,-0.5656403,-0.5655352,8.018469768956543
geom_246.out,-1.725096894385695,-2.4246053895096313,0.19975216950465718,2.8914528106645623,0.8660086,0.9999455,0.996983,4.969113983619213
geom_120.out,-1.9252912338649604,-2.623325424670494,0.200431422702819,2.562070001976722,0.2587988,0.8565939,0.9970026,8.858220714089766
geom_496.out,-2.888797874951585,-3.5763731408916897,0.20531691686102,5.2762794628258645,0.4999593,0.9970365,0.9970163,9.294435743513963
geom_465.out,-1.9648496706745273,-2.6443803929997216,0.20915549436663303,3.885926045091183,0.8660019,0.9999296,0.9970288,5.972111894024593
md_046.out,-3.2456538663510917,-3.925099820232333,0.20919632269156233,7.358061632313976,0.9787849,-0.6365647,1.0,8.08784300642557
geom_76.out,-1.9713281352084027,-2.650644158829625,0.20925891846487965,3.364053930065926,0.2587735,0.9758127,0.9970126,9.76090681511636
35_ang_04.out,-0.45478824633874815,-1.1303947518588497,0.21105395477916816,3.522782990761708,1.0,1.0,1.0,3.522782990761708
geom_257.out,-1.3637226765808794,-2.037978861003719,0.21171119112408102,2.850833070071273,2.024279e-06,0.9970081,0.9970071,8.643926340900412
geom_167.out,-3.0577508241430102,-3.7250774080120337,0.21511634790564854,5.3800451168597085,0.499971,0.9992473,0.9969959,10.032400924457717
geom_228.out,-1.1623563565973039,-1.8259145687065086,0.21699103329070032,2.412348422802975,-1.625304e-09,0.996999,0.996999,8.162697354588127
geom_330.out,-1.390993437992361,-2.0518764369407982,0.21833180291441245,3.066412679907909,4.56169e-11,0.9970136,0.9970136,7.43368814201941
geom_54.out,-1.220469194184737,-1.8788408267193084,0.21959799344106917,2.4249632032517523,0.8660019,0.9999296,0.9970288,7.609805679171447
geom_315.out,-2.3446873500443246,-2.9988683719160427,0.22172720276859476,2.6567664595650857,0.4999666,-0.9625138,0.9970094,7.730579386938666
geom_339.out,-2.837923442086384,-3.491052124978097,0.22226512141645197,3.642274866624704,-3.149271e-05,-0.5655437,-0.5655417,9.667540306211814
geom_359.out,-1.9233057639349997,-2.573722185408357,0.2236575578829908,2.4339726001804136,0.2588054,0.7991585,0.9970008,7.138710880445082
35_ang_02.out,-0.4950533219514742,-1.138202868523516,0.22743141501544695,3.5057096285916205,1.0,1.0,1.0,3.5057096285916205
md_012.out,-3.3082068836506426,-3.9311537091564546,0.23826111755478377,6.803868988437167,0.979701,0.6247599,1.0,7.796490324242762
geom_549.out,-1.1106979209185093,-1.7229835344422781,0.24418241602334184,4.000000306405113,1.0,0.4999994,0.9763998,4.000000306405113
geom_402.out,-1.9586812799109603,-2.5702625302383417,0.24457876611228035,5.000172670878477,1.0,1.0,-0.7375989,5.748696543547937
geom_168.out,-3.378476400776572,-3.9897173846923124,0.244770466796887,5.108029823918024,0.2587801,-0.8751388,-0.4314901,9.263350209684935
geom_306.out,-2.7916564729612867,-3.3957883464117806,0.24881016918814777,6.00000080298928,1.0,-0.5,0.9535736,6.00000080298928
geom_488.out,-3.000896770514971,-3.604312013517486,0.24922107041327526,4.093037205985062,0.2587885,-0.5489183,-0.5655336,9.58275469164076
geom_404.out,-1.9907855054680947,-2.5888678606881292,0.2523002290437722,3.1682213690589864,0.7070695,0.8479343,-0.5655412,8.662238273453463
geom_285.out,-3.173018378474498,-3.770910038432305,0.2524110363986624,6.024307886467457,1.0,-0.4999999,0.2159749,9.004372936308892
geom_534.out,-4.576913779112691,-5.16941609209181,0.255562829018291,2.9971731819934924,0.9659177,-0.9981466,0.5654377,5.356864580124646
geom_177.out,-2.0530004326829765,-2.6438757764798524,0.2565220229906371,3.023733859936254,1.0,-0.4999999,0.2159749,6.408391059862998
geom_425.out,-2.8665093584794796,-3.454745840056077,0.25808544837708597,4.599739643569514,-3.149271e-05,-0.5655437,-0.5655417,9.045309479074223
geom_157.out,-2.731633531416084,-3.319108431440828,0.25853842570850427,3.0754258301038573,0.7070662,0.805692,-0.4315832,9.869448008557166
geom_475.out,-2.232864189134951,-2.810443487356501,0.2644969703224362,3.9481520302132487,0.2588189,0.9756711,0.9970131,9.449351122715251
geom_39.out,-1.811992857019341,-2.3788215717191044,0.27112607395169047,2.7981063635889543,0.7070967,0.00522205,0.9969955,6.453302042174766
geom_375.out,-2.728459940301065,-3.290575032240355,0.27408477264042985,2.6049801797758465,-3.149271e-05,-0.5655437,-0.5655417,8.029726245161164
geom_103.out,-2.6955862560740496,-3.255137850163724,0.2757073893112936,4.681448067688138,0.9659227,-0.5494374,-0.5656354,8.986513227040508
geom_338.out,-2.8322646438637227,-3.3864200353562097,0.2791544841823875,5.399111889173903,-5.277947e-05,-0.5656403,-0.5655352,9.778837120827305
md_044.out,-3.3756605934532677,-3.9289931008868813,0.2796839165065319,6.863824129234518,0.9985623,0.8984854,1.0,7.108037075236454
geom_226.out,-1.8285550832176658,-2.3756857841756513,0.28370650849936335,3.1696917653590546,1.0,-0.4999999,0.2159749,9.005620243832848
geom_216.out,-1.7644815318803038,-2.3096973295393752,0.2849601969889693,4.046151944230469,1.0,1.0,-0.7375989,9.853456852790291
geom_59.out,-3.031559670434403,-3.5684285380636744,0.29048996374534963,5.823378468998473,-1.240245e-05,-0.5654904,-0.565513,9.77868357737712
geom_456.out,-2.794592220523164,-3.316057842728643,0.30097774067934474,6.000002998010251,1.0,-0.4999999,0.2159749,6.000002998010251
geom_165.out,-3.4834159772706776,-4.001548161167605,0.3032967915415686,6.285244795242664,0.8660253,0.9999283,0.997012,9.972902159324034
geom_387.out,-2.489433999400693,-2.9937548274519266,0.3130971914719673,4.472249468986385,0.9659154,-0.5517791,-0.4314941,9.83720861020371
52_ang_xy_job_004.out,-2.246615101187398,-2.75018369642455,0.31363997080839656,5.201725055527253,1.0,1.0,1.0,6.288083968904996
md_141.out,-1.1209273482455797,-1.6211122108114964,0.31609318858463886,3.355015017272203,0.997139,0.7056151,1.0,4.248617987145584
geom_82.out,-1.7967046150575265,-2.2876084177855045,0.32292093201298133,2.622968312695752,-0.4999999,0.9970123,0.9970127,8.227110165260338
geom_450.out,-1.688873351029439,-2.1795517994492286,0.32308853834932255,4.00602091518317,1.0,-0.4999999,0.2159749,9.005309099421963
md_083.out,-3.00327168995502,-3.4937171534913958,0.32326191135638643,5.672611326501931,0.9697442,0.8093743,1.0,7.719261445940344
35_ang_22_22.out,-0.8710324531064496,-1.3553553985087508,0.3278514091004269,3.5126942974446265,1.0,1.0,1.0,4.682947789587238
35_ang_20_20.out,-0.8452409297344865,-1.3263537344920344,0.3302837411521663,3.5002601656591183,1.0,1.0,1.0,4.5
geom_454.out,-3.2097305750276646,-3.689695841463571,0.331157605410997,6.0029665485252375,0.8660254,0.9728193,-0.4315719,9.014586495258948
geom_282.out,-2.768858675703941,-3.2455735775512053,0.3336453666449285,5.42436305887235,0.5000002,0.5897607,-0.4315365,9.58704594253282
geom_410.out,-2.5462429750205002,-3.0226086559614913,0.3339137624007912,4.52242838888246,0.4999545,0.5404253,-0.5655278,8.024879928648465
geom_414.out,-2.1620024446003825,-2.6375074986063822,0.33457612427498257,3.3169021292743928,0.8660096,-0.5090137,-0.5655927,8.334230491895998
geom_532.out,-2.490895367651058,-2.961990865913929,0.33799050632931166,2.7839784557711647,0.2587935,-0.998349,-0.9970006,7.494440782049986
geom_150.out,-1.6723348588426004,-2.1430368111746283,0.33829692301059,2.4834958853249587,0.8660255,0.9657532,-0.5654229,6.2087927237338985
geom_344.out,-3.173018378474498,-3.6355636113068606,0.3447107022407872,5.287073597575978,0.499971,0.9992473,0.9969959,9.85243707460545
geom_180.out,-2.8647747281007554,-3.3237803154147443,0.34753169032683984,4.2810535100344165,0.4999999,0.9970123,0.9970127,8.428766675577751
geom_37.out,-1.7805081120250004,-2.238274410255947,0.34852481213160197,4.30177572397725,1.0,1.0,-0.7375989,9.388417968422583
52_ang_xy_job_003.out,-2.137157267267146,-2.591308313150325,0.3514381904739598,5.200113001397181,1.0,1.0,1.0,5.9194594347794975
geom_75.out,-3.247739468414086,-3.6976908022081325,0.35485315116864075,6.177136792145856,0.7071068,0.8634222,-0.431555,8.93347891746782
48_ang_xy_job_004.out,-1.8902287008464758,-2.3329300159230044,0.36082671536051114,4.801872921402648,1.0,1.0,1.0,5.961543424315552
geom_478.out,-2.847799153359701,-3.288236392174685,0.36271269914668536,5.054887079033319,0.8660019,0.9999296,0.9970288,7.592019920597549
35_ang_24_24.out,-0.9424267274434771,-1.3812278556193611,0.3640817180054577,3.5006647302048224,1.0,1.0,1.0,4.8754486972995625
md_050.out,-3.2963553960551892,-3.734636187459772,0.36451819290401016,7.726121582246685,0.999247,-0.7044594,1.0,8.573711366802186
geom_32.out,-3.3034274091585143,-3.7399957725018993,0.36595832963923236,6.179616930392773,0.7070662,0.805692,-0.4315832,8.935845231068685
51_ang_xy_job_003.out,-2.0440148958570785,-2.4799694897499194,0.36647588822144495,5.100118942465951,1.0,1.0,1.0,5.831809324729333
geom_476.out,-1.898849551914733,-2.332025869755938,0.36882782892784566,3.899273347614015,0.9659253,-0.5525593,0.9969865,8.82636437119701
geom_10.out,-2.5437559205197857,-2.974927737583741,0.3705341008165902,5.586543859408963,-3.356131e-05,0.9969988,0.996999,9.77840448546694
geom_376.out,-2.685159003314464,-3.1151715884011644,0.3715244628187193,2.5246371545937047,0.8660192,-0.6869643,-0.5655354,6.406610346063276
geom_548.out,-3.113869561520529,-3.5343298788422466,0.37978663953315067,5.903849749397591,0.9659232,0.502316,0.5654623,6.991260147130559
geom_522.out,-2.6979378194962247,-3.1173859202485232,0.38067284621486813,5.009298837796763,1.0,-0.5,0.9535736,6.482688457412712
geom_411.out,-2.5610417093291398,-2.9798509119266114,0.3812332727757248,5.592794827293417,4.561686e-11,0.9970136,0.9970136,9.783430860020426
47_ang_xy_job_004.out,-1.8141444565539087,-2.232802005250438,0.38136642116015845,4.701913818148946,1.0,1.0,1.0,5.881326381013046
35_ang_18_18.out,-0.8789459759971967,-1.2975420417161896,0.38142041494523415,3.500175785314218,1.0,1.0,1.0,4.327817001676481
geom_530.out,-2.5339477268318507,-2.952370611455674,0.3815725420843762,3.64026660823888,-0.2587935,-0.998349,-0.9970006,9.915564968051696
geom_531.out,-2.750512222461828,-3.1644457205756567,0.3855373890413249,3.122029346527191,0.2587889,-0.01854256,0.5655071,6.836939589443951
geom_206.out,-2.6915014121170624,-3.103491303062871,0.38726665920626624,4.997400336806628,0.7070918,0.03508414,0.9970072,9.171750727436176
5_ang_64.out,-2.096645568023893,-2.503441658590294,0.3919258504786006,5.033216056439461,1.0,1.0,1.0,8.121576201698781
35_ang_12.out,-0.7721313937139138,-1.1781510932067967,0.39262712552402323,3.503696666665081,1.0,1.0,1.0,3.7
geom_472.out,-2.4372588086510483,-2.830499655628394,0.40435158798015264,3.909255931149175,0.2587867,0.998349,0.996998,8.409463396720447
geom_205.out,-1.678378688596382,-2.070963137476838,0.4049631920903033,2.941592791456696,-2.024279e-06,0.9970081,0.9970071,7.98299934779604
md_017.out,-3.0129034096258542,-3.4053589945511753,0.40508337068743794,5.6593841687233954,0.9689353,0.4703001,1.0,7.0864437049122175
md_009.out,-2.3536654154327348,-2.7309680009903197,0.4194666275946795,4.801163172414993,0.9849052,-0.4052503,1.0,7.359746476853736
geom_208.out,-1.9788041609180214,-2.3556915137781846,0.4198678750402965,3.99063623061361,0.9659176,-0.5023163,-0.5657439,4.991379096421749
geom_133.out,-4.292595739051553,-4.66873496322496,0.42059177534899267,2.7671436811455963,-0.4999728,-0.5332199,-0.5655355,8.166963371552244
5_ang_60.out,-2.1856290981278934,-2.5602476542040655,0.4220670451594555,5.012381352800284,1.0,1.0,1.0,7.810249675906654
geom_2.out,-1.7225940143028107,-2.091649508640174,0.4275082554708898,3.3834722375985296,1.625304e-09,0.996999,0.996999,9.753209118162085
48_ang_xy_job_003.out,-1.7893668171254182,-2.156143004917137,0.42975784397377986,4.800138250852782,1.0,1.0,1.0,5.571355310873647
geom_245.out,-3.3987154384487153,-3.7633841059789823,0.43184841749662756,6.016188125882201,1.0,-0.5,0.9535736,7.875972170841642
md_053.out,-1.0654832193911281,-1.4291224074272044,0.4328733129418987,3.172241020511682,0.9758059,0.6013517,1.0,6.241196637305381
geom_500.out,-3.1457312058627793,-3.5077180373966144,0.4345233993791138,3.138256361451212,-2.828869e-08,-0.4314875,-0.4314876,9.593348241007464
52_ang_xy_job_000.out,-1.7851670189836009,-2.1427237089954403,0.43897856045953637,5.244151080937695,1.0,1.0,1.0,5.24785670536077
geom_239.out,-1.7353194437623125,-2.091232466268206,0.44064310362233894,3.0515538748644104,-3.356131e-05,0.9969988,0.996999,7.8568997881734495
35_ang_26_26.out,-1.053543047972541,-1.407767128367535,0.44236007151985934,3.5102099016013275,1.0,1.0,1.0,5.076416058598823
40_ang_xy_job_010.out,-1.2040175066692422,-1.5551652834856462,0.4455046313243813,4.011088533964315,1.0,1.0,1.0,5.067543783727971
geom_361.out,-2.9474784406431187,-3.2981009083062,0.4460438259580413,4.213986069524911,0.7071054,-0.9237111,0.9970032,10.03557812854526
44_ang_xy_job_004.out,-1.6015682215070108,-1.95116127370515,0.4471023451066693,4.402047654592122,1.0,1.0,1.0,5.644466316668034
40_ang_xy_job_011.out,-1.2620587823089773,-1.6107610707781745,0.4480203196105878,4.000575402776455,1.0,1.0,1.0,5.2459508194416005
47_ang_xy_job_003.out,-1.7081136031778201,-2.0539187570425064,0.4510190087472431,4.70014523470286,1.0,1.0,1.0,5.485435260760991
42_ang_xy_job_004.out,-1.4409492056792914,-1.7843985170339351,0.45347222166415296,4.202147493044479,1.0,1.0,1.0,5.489990892524322
geom_474.out,-1.9885928141492895,-2.324076844848779,0.46186597470587676,4.043937595995393,3.828983e-05,0.9969819,0.9970035,9.78511720378719
md_013.out,-3.0068585989860237,-3.339772900526924,0.46460694613470555,6.433156749586085,0.9975132,0.09743362,1.0,7.249951759915717
geom_350.out,-1.714802921330144,-2.047056364878511,0.4653144682264355,3.135194622425377,2.106085e-05,0.9969957,0.9969997,9.500108441570127
geom_154.out,-4.992960126973375,-5.320490362362769,0.4704026553615262,6.28350705725123,0.4999728,-0.5332199,-0.5655355,9.88761461184021
md_010.out,-3.2561834996723844,-3.583710642090164,0.47040600550135464,6.852598982474533,0.9822629,-0.3840886,1.0,7.781710987492212
46_ang_xy_job_003.out,-1.628497429582219,-1.9557249248997195,0.4707306802087283,4.600152522177934,1.0,1.0,1.0,5.4
5_ang_58.out,-2.257809776000063,-2.5849689216356246,0.4708047700845042,5.002954609618201,1.0,1.0,1.0,7.657675887630659
md_107.out,-3.8349919729728685,-4.157227298973048,0.4761728987269415,6.316595271371675,0.9673643,-0.5859357,1.0,7.994638955944102
geom_364.out,-3.67463258853271,-3.995785840641762,0.477360794755153,5.103105609435297,0.7070798,-0.9158167,0.9970127,9.078448769863549
geom_546.out,-3.2848187516445884,-3.60543634386827,0.47794993598647484,6.38513236806458,0.965917,0.4976799,0.4310957,8.611628732557854
geom_115.out,-2.3766763668182502,-2.697039027013318,0.4782305762442514,2.7580496318451195,-0.9659171,0.9999964,0.9969556,9.907643472264075
5_02_ang.out,-1.5308318409706858,-1.8494762577972637,0.4801263962849473,5.0039984012787215,1.0,1.0,1.0,5.0039984012787215
5_ang_02_02.out,-1.5383591229923832,-1.854124360812495,0.4833199948442904,5.0079936102195655,1.0,1.0,1.0,5.0079936102195655
5_04_ang.out,-1.5536898769894738,-1.8634310245402261,0.49007082915037264,5.015974481593781,1.0,1.0,1.0,5.015974481593781
44_ang_x_job_011.out,-1.7570560406093139,-2.0652270219356517,0.4918458583099139,4.414268718576158,1.0,1.0,1.0,7.440430095095309
40_ang_xy_job_012.out,-1.3629042685907888,-1.6688207450905495,0.49440576194374314,4.008930474989557,1.0,1.0,1.0,5.43323108288245
geom_541.out,-5.698970004336019,-6.001761569367174,0.497976025877225,6.021552988708229,1.0,-1.0,0.6752376,6.635151322767929
md_003.out,-2.4490615947110164,-2.7499536930154207,0.5001587854097321,5.077434581036864,0.9995611,0.4418306,1.0,7.504345493204454
43_ang_x_job_011.out,-1.6893354442125932,-1.9896904835829083,0.5007776763041758,4.31459874377676,1.0,1.0,1.0,7.38173421358423
geom_455.out,-2.750512222461828,-3.0494546940241776,0.5024091363003653,4.740561465329292,-0.2588073,-0.920169,-0.5655046,10.183567935409132
geom_74.out,-3.264794969992877,-3.5623240784862844,0.5040468343407806,3.482926587303988,-1.240245e-05,-0.5654904,-0.565513,9.79463886554604
40_ang_xy_job_009.out,-1.1922683837197967,-1.4895078796458456,0.5043830738925954,4.000203898215689,1.0,1.0,1.0,4.898979485566356
5_ang_04_04.out,-1.5850304678240776,-1.8820841460324047,0.5045989259669236,5.03189825016365,1.0,1.0,1.0,5.03189825016365
5_ang_70.out,-2.057024519808392,-2.3527935805437927,0.5060937094913721,5.006896214033201,1.0,1.0,1.0,8.602325267042627
geom_33.out,-1.841897308173767,-2.1371882470384485,0.5066511831110967,3.371351035846015,-1.625304e-09,0.996999,0.996999,9.493901626970864
geom_371.out,-3.5577787836536086,-3.8521091661751825,0.5077730154643962,2.591935828337384,0.2587801,-0.8751388,-0.4314901,8.970689778789032
44_ang_xy_job_003.out,-1.4801464615379523,-1.774226498993709,0.5080658009347464,4.400168090800624,1.0,1.0,1.0,5.230678732248808
42_ang_x_job_011.out,-1.6219656138897969,-1.9159488608351083,0.5081790453588663,4.214944402931075,1.0,1.0,1.0,7.323933369440222
5_06_ang.out,-1.5929659527226838,-1.8867552966860721,0.5084059868398901,5.035871324805669,1.0,1.0,1.0,5.035871324805669
geom_321.out,-3.977145709474783,-4.270836073282116,0.5085218709713059,5.326023859695148,0.7071054,-0.9237111,0.9970032,8.622791681012362
md_116.out,-3.1200576299980756,-3.4131324933865343,0.5092430805136828,5.8183216644448255,0.9965187,0.5917256,1.0,7.9466808378329885
md_034.out,-2.357147858486727,-2.6498188751519187,0.5097168415366238,4.539810767351653,0.9720145,-0.4527681,1.0,7.084375877591618
geom_536.out,-1.5163516958589003,-1.8076323525166167,0.5113512752228597,4.013632821985713,1.0,0.4999994,0.9763998,7.550919444096925
md_041.out,-3.2917038988433003,-3.5822158764924836,0.5122571422449416,7.481740270740558,0.9677887,0.595295,1.0,9.324068740273262
geom_114.out,-3.243578232076282,-3.531930793467975,0.5148105503539304,6.01082569411225,1.0,1.0,-0.7375989,8.488841614130871
geom_114.out,-3.243578232076282,-3.531930793467975,0.5148105503539304,6.01082569411225,1.0,1.0,-0.7375989,8.488841614130871
geom_380.out,-1.6715575217964456,-1.9584138847896426,0.516587195226408,3.3905751876833525,1.0,-0.5,0.9535736,9.902421604631463
geom_515.out,-2.9464325396319513,-3.232700896952995,0.5172870934273829,4.973243806509992,0.4999981,-0.7311829,0.4315503,8.413571929487619
5_ang_28_28.out,-2.00777379490084,-2.2938854750155357,0.5174737449304405,5.000078052200786,1.0,1.0,1.0,5.610704055642215
42_ang_xy_job_003.out,-1.3311943370606962,-1.617119829342542,0.5176956403833687,4.20018514202648,1.0,1.0,1.0,5.063595560468865
geom_253.out,-2.03329337494523,-2.317998751664536,0.5191521097798127,3.032571363161137,-0.4999593,0.9970365,0.9970163,9.222229762389896
geom_214.out,-2.6811706233595203,-2.961301777883662,0.5246489952373026,4.042186159354242,0.8660063,-0.7004511,0.9970171,9.200275880901888
geom_329.out,-3.1643055357248473,-3.4405610322103364,0.5293519332572711,6.020155019168942,1.0,-0.5,0.9535736,10.002275422916128
5_ang_32.out,-2.204516576569001,-2.478722503612353,0.5318560122066985,5.021778724615412,1.0,1.0,1.0,5.936328831862332
5_ang_30.out,-2.165448239280216,-2.4394791555677777,0.532070381220649,5.038438007855212,1.0,1.0,1.0,5.830951894845301
35_ang_16_16.out,-0.9941958859243768,-1.2678277490301895,0.5325595008498835,3.5054109435271634,1.0,1.0,1.0,4.167733196834941
35_ang_14.out,-0.9272519865109645,-1.1936126388843125,0.5415509819314169,3.5002986061191983,1.0,1.0,1.0,3.7696153649941526
5_ang_44_44.out,-2.2797514429463726,-2.5458521179174127,0.5418752622802216,5.039285728086868,1.0,1.0,1.0,7.982480817390043
geom_242.out,-3.327868804312151,-3.592999957188887,0.5430862997361672,6.002203430402872,1.0,-0.5,0.9535736,9.00231090531048
5_ang_56.out,-2.3563417357193,-2.6134274996960016,0.5532408450591947,5.001514053354245,1.0,1.0,1.0,7.507329751649384
51_ang_xy_job_008.out,-2.3374305173541554,-2.5902455712140515,0.5587080722758959,5.123594699944561,1.0,1.0,1.0,8.155366331440911
geom_303.out,-2.129765485039674,-2.3819380961267704,0.5595351690818334,4.230530166134264,-1.430858e-05,0.9970042,0.9970017,10.086764181316624
52_ang_xy_job_008.out,-2.430519131324363,-2.681296549783866,0.5613355940762225,5.223146049011075,1.0,1.0,1.0,8.218272324521742
5_ang_72.out,-2.067113003927507,-2.3176949907042044,0.5615882508587975,5.008826778607942,1.0,1.0,1.0,8.765842800324451
5_ang_34.out,-2.2701803668435097,-2.518931047651524,0.5639613210690062,5.013049526884808,1.0,1.0,1.0,6.04648658313239
md_103.out,-1.0823936023774074,-1.3304229271226973,0.5648988300182008,3.1499723491770526,0.9962309,-0.1968773,1.0,6.087461973244597
49_ang_xy_job_000.out,-1.539339957840498,-1.787156549489687,0.5651756056148607,4.946852389115729,1.0,1.0,1.0,4.950757517794626
geom_220.out,-1.8254604679666968,-2.0713958117346003,0.5676291057393833,2.5662712446321807,0.9659222,-0.4488707,0.9969658,9.170083110774351
5_ang_06_06.out,-1.670062289555246,-1.9151463045122803,0.5687428959847792,5.029239958452967,1.0,1.0,1.0,5.071488933242386
geom_23.out,-1.3341942637513018,-1.5772529574305203,0.5714014081582323,2.5604099472164608,2.106085e-05,0.9969957,0.9969997,10.0075731524477
md_038.out,-2.9823509504171968,-3.2239897059117375,0.5732726787647638,6.129748830879533,0.9922753,-0.009124838,1.0,7.007441949301684
geom_516.out,-1.5933827760872445,-1.8335277611023386,0.5752478643386537,4.003570556733201,1.0,0.4999994,0.9763998,4.89977126519606
48_ang_xy_job_008.out,-2.0931167731387204,-2.3305531400487,0.5788467951183344,4.825051984103384,1.0,1.0,1.0,7.971198153351853
geom_352.out,-1.8754312128956152,-2.1113130185577376,0.5809224955310304,3.04044085712911,-4.56169e-11,0.9970136,0.9970136,8.254431500279107
5_ang_46_46.out,-2.2268454186750275,-2.4602041103941588,0.5843072947673301,5.012781727673767,1.0,1.0,1.0,8.204876598706406
md_035.out,-1.7118712673827992,-1.9385253368362356,0.5933977982144479,4.131791873590077,0.9846199,0.9227229,1.0,5.541859509309578
47_ang_xy_job_008.out,-2.0255790921268315,-2.248981853894307,0.5978568894461114,4.725578763421471,1.0,1.0,1.0,7.911384202527394
5_ang_28.out,-2.1562066174770114,-2.3795976797551823,0.5978729953714461,5.027970780483912,1.0,1.0,1.0,5.7306195127577615
md_091.out,-0.9020785680333973,-1.1232283779008867,0.600966398384836,2.8705155713789465,0.9772371,0.442994,1.0,6.212351212940958
35_ang_46_46.out,-1.1865472223447004,-1.406970770219985,0.6019722232717167,3.518167228728617,1.0,1.0,1.0,7.387151006985034
md_135.out,-2.088311027042005,-2.305815807968635,0.6060315289980823,3.810349805334151,0.9987576,-0.3018354,1.0,5.096796572834843
35_ang_44_44.out,-1.234658107453608,-1.4499143809931034,0.6091773207198339,3.5558291085624463,1.0,1.0,1.0,7.139327699440614
35_ang_48_48.out,-1.166688767904407,-1.3812671009317583,0.6101289986909226,3.503010226833488,1.0,1.0,1.0,7.63740793725201
35_ang_28_28.out,-1.2139411797930946,-1.4283215197167856,0.6104072174565864,3.5081914784401373,1.0,1.0,1.0,5.2848841046895245
48_ang_xy_job_000.out,-1.4635455061319742,-1.6774761760156451,0.6110395625545186,4.847826787303771,1.0,1.0,1.0,4.851803788283282
md_014.out,-3.3511076264197026,-3.5638622704425487,0.6126964386660311,6.0144096472052855,0.9994511,0.9812912,1.0,6.913473786904309
geom_53.out,-1.5299500842743219,-1.7420957136848791,0.6135562304692886,4.049792639345871,1.0,1.0,-0.7375989,7.077524422409293
40_ang_x_job_003.out,-0.9030039103653157,-1.1097472930222043,0.6212360037619395,4.039186548848666,1.0,1.0,1.0,4.079215610874228
5_ang_74.out,-2.088455877091433,-2.294856330752282,0.6217267398424026,5.01873307699264,1.0,1.0,1.0,8.930845424706442
geom_304.out,-2.0718280125367734,-2.273328431920987,0.6287812469239251,3.9360464664432,4.56169e-11,0.9970136,0.9970136,9.90302576957164
42_ang_x_job_000.out,-0.964202916666544,-1.1639454935784563,0.6313314480931438,4.22965719651132,1.0,1.0,1.0,4.2296571965113205
geom_241.out,-3.2155152123554043,-3.4146720549380767,0.6321835012506127,5.074777548648807,0.2587682,0.01850232,-0.565527,10.051280418714471
47_ang_xy_job_000.out,-1.3756539590612893,-1.5738605537315884,0.6335682499976857,4.748842023030456,1.0,1.0,1.0,4.752893855326458
5_ang_36.out,-2.3620162723930167,-2.560221052267533,0.6335708975086226,5.012291846949856,1.0,1.0,1.0,6.161168720299745
35_ang_50_50.out,-1.172275583763339,-1.3698379692594145,0.6345087485768247,3.505453507122866,1.0,1.0,1.0,7.88986691902975
40_ang_xy_job_013.out,-1.5202887856995844,-1.7155385836007397,0.6378964747682525,4.007098382795212,1.0,1.0,1.0,5.628498911788116
35_ang_24.out,-1.087177288556356,-1.2815363175960943,0.6392061884922968,3.506572206414692,1.0,1.0,1.0,4.243819034784589
md_136.out,-2.894321743432389,-3.0884299293113067,0.6395754927816434,5.337802094932801,0.9975168,0.6627648,1.0,7.534299113189893
5_ang_48_48.out,-2.196268101131929,-2.3903279105175166,0.6396467396985531,5.002155600268748,1.0,1.0,1.0,8.430895563343197
43_ang_xy_job_008.out,-1.7551688952419966,-1.9475672079305255,0.6420985472300521,4.327928678860132,1.0,1.0,1.0,7.680494775728969
geom_6.out,-1.2186275272680254,-1.4105710670133433,0.6427712750698987,3.059792631797129,1.0,1.0,1.0,9.486832980505138
40_ang_xy_job_002.out,-0.9240950414963764,-1.1154797460604353,0.6435989033758097,4.0365845166055925,1.0,1.0,1.0,4.089009660052175
42_ang_xy_job_008.out,-1.6877202645665959,-1.8777914483352482,0.645548410663007,4.2285854194162855,1.0,1.0,1.0,7.6249590162833
40_ang_xy_job_008.out,-1.2369972689209339,-1.4262793269779621,0.6467224572260609,4.000135063732223,1.0,1.0,1.0,4.741307836451879
geom_83.out,-1.9253907460326574,-2.113784002533123,0.6480473566575117,3.065590434892763,-1.430858e-05,0.9970042,0.9970017,8.145452697640076
md_125.out,-5.698970004336019,-5.887274357661909,0.6481800301475724,6.734621612780408,0.9688538,-0.9876884,1.0,7.846223299167185
40_ang_xy2_job_007.out,-1.5273155050548197,-1.7155251435051788,0.6483214065371321,4.0159258769678505,1.0,1.0,1.0,7.636753236814712
md_095.out,-2.3473087457661066,-2.529866454600615,0.6568138335821797,4.779864012044694,0.9932564,0.6614156,1.0,5.946905055272532
geom_169.out,-3.1077684268414347,-3.289903876401681,0.657452756289965,2.68063512022916,1.928185e-05,-0.4314561,-0.4314574,8.492326175668833
52_ang_xy_job_005.out,-2.6650267815325743,-2.845665982731912,0.6597217446386011,5.200637792559678,1.0,1.0,1.0,6.711184694225008
geom_325.out,-0.7787906197788861,-0.9582173017864655,0.6615662142716562,2.470659261695145,1.0,1.0,1.0,8.774964387392123
geom_233.out,-3.1017518171628815,-3.2793139006797176,0.66441268661068,3.842611537781695,0.2588005,-0.4494311,-0.4314825,8.845373451482702
51_ang_xy_job_005.out,-2.5692916140049027,-2.745751725898611,0.6661006970130596,5.100661471750502,1.0,1.0,1.0,6.634003316248794
40_ang_xy2_job_008.out,-1.495184081868518,-1.6700593305731672,0.6685359272511829,4.00265420056492,1.0,1.0,1.0,7.879086241436884
44_ang_x_job_000.out,-1.11388129126526,-1.2881838750705903,0.6694180466409766,4.428317965096905,1.0,1.0,1.0,4.428317965096906
35_ang_52_52.out,-1.1996163570933893,-1.3739083715897706,0.6694343382876383,3.529212984590191,1.0,1.0,1.0,8.144323176298938
md_032.out,-3.0470840838179245,-3.221050726914509,0.6699360632924263,6.168300129375434,0.9901232,-0.1292197,1.0,6.9065806437386215
geom_17.out,-1.9604039317076436,-2.134079525643621,0.6703851817765152,3.910577390205314,0.9659122,0.9981463,-0.5657192,9.535170184931625
geom_5.out,-1.3890207843069335,-1.5621380520414867,0.6712475788953097,2.993722495389311,1.0,1.0,-0.7375989,9.907881304789637
51_ang_xy_job_009.out,-2.252704712093647,-2.425713414234256,0.6714153993593226,5.1035654488406434,1.0,1.0,1.0,8.718371407550839
geom_249.out,-1.5503618480900692,-1.7214233549544993,0.674432504572602,2.706319092835322,-3.828983e-05,0.9969819,0.9970035,9.875491415208256
geom_501.out,-2.6034793066956223,-2.774510891536867,0.674478973227144,5.011310521677238,1.0,0.4999994,0.9763998,7.142542436082617
44_ang_x_job_005.out,-1.6698964699680952,-1.8406005730038864,0.6749877590848644,4.444118103797423,1.0,1.0,1.0,5.325410782277739
40_ang_x2_job_000.out,-1.4106202156777357,-1.5802809687390713,0.6766113005121902,4.027725129710318,1.0,1.0,1.0,5.122499389946279
5_ang_76.out,-2.1165837543938935,-2.2853517786907105,0.6780035623039616,5.036568047599477,1.0,1.0,1.0,9.097252332435328
5_ang_42_42.out,-2.4063636761635925,-2.574840472704679,0.6784583681619696,5.016016058477086,1.0,1.0,1.0,7.764019577512669
40_ang_x_job_014.out,-1.3734144187072213,-1.541704549208756,0.6787500420439044,4.048469552868096,1.0,1.0,1.0,5.0
geom_420.out,-2.5885622005168853,-2.7554741074963296,0.6809074610973677,5.043706400357281,1.0,-0.4999999,0.2159749,8.665121809653458
40_ang_x2_job_012.out,-1.6276442216687794,-1.7939819568487465,0.6818082701822635,4.002047515934812,1.0,1.0,1.0,6.881860213634101
md_108.out,-1.6079419148834626,-1.7739739832212003,0.682288312060473,3.658921473273921,0.9845365,0.4905742,1.0,5.210267353593864
geom_27.out,-2.1802267622428917,-2.3432774833823906,0.6869882021555306,4.163596135037595,-4.561713e-11,0.9970136,0.9970136,10.176934675667326
43_ang_xy_job_000.out,-1.0762088934508998,-1.239206981489776,0.6870714648075305,4.353367037098986,1.0,1.0,1.0,4.357751713900185
geom_231.out,-2.2183614282231052,-2.380198392721402,0.6889108670931571,3.0608405633376266,-0.8660253,0.9999283,0.997012,10.108962532300236
43_ang_x_job_005.out,-1.5946821241916778,-1.756127831019061,0.6895317893581718,4.345131266198985,1.0,1.0,1.0,5.243090691567332
md_090.out,-3.734436067778708,-3.8931891105219627,0.6938202278662617,6.659315827753929,0.9981462,0.941727,1.0,9.069735820324482
geom_15.out,-1.2443194150836814,-1.4022691919971138,0.6951046968851792,2.548473792409881,1.0,1.0,1.0,9.848857801796104
md_045.out,-1.8072661980241622,-1.9645603789787067,0.6961547953387234,4.38066797235707,0.993755,0.9618551,1.0,5.501319340924774
geom_333.out,-1.3832988227399443,-1.5371519658628117,0.7016925359577885,2.9855113925255754,1.0,1.0,1.0,9.899494936611664
geom_236.out,-1.7928001460021519,-1.9445957789923405,0.7050247561325174,2.6912133082682246,-3.356131e-05,0.9969988,0.996999,6.957677362554261
geom_525.out,-5.698970004336019,-5.849586511082558,0.7069415263719605,6.317122547544332,0.965922,-0.9983129,0.4312143,10.413935770230244
md_008.out,-2.064226160200571,-2.2147964332935572,0.7070167891965679,3.716862189378159,0.9960498,0.1394432,1.0,4.11655523255792
44_ang_x_job_010.out,-1.9639786283435556,-2.1118784036338063,0.7113776635483143,4.404437344292685,1.0,1.0,1.0,7.043436661176133
40_ang_x2_job_001.out,-1.4714166196121148,-1.6186322981428134,0.7124991022502387,4.016843751068741,1.0,1.0,1.0,5.2497618993626745
geom_210.out,-3.3813105839768043,-3.527074849206514,0.7148842595052103,6.020105035146812,1.0,1.0,-0.7375989,9.70110673839846
40_ang_xy2_job_009.out,-1.4923475285191699,-1.6362499892618132,0.7179555205473962,4.004701523284851,1.0,1.0,1.0,8.12403840463596
geom_147.out,-5.698970004336019,-5.841477624147302,0.720265113885997,6.267689536116639,0.9659176,-0.5023163,-0.5657439,8.188534501618467
44_ang_x_job_006.out,-1.8093182614860595,-1.950221146590259,0.7229314440688253,4.4137677465516925,1.0,1.0,1.0,5.622277118748239
43_ang_x_job_010.out,-1.8945640855960766,-2.0315882684988296,0.7294168928632819,4.304539733792685,1.0,1.0,1.0,6.981403870282824
5_ang_26.out,-2.182919530054242,-2.318516043452739,0.7318186728350867,5.017004349091198,1.0,1.0,1.0,5.635601121442148
5_ang_08_08.out,-1.8182465443697664,-1.9534361439401735,0.7325046743847458,5.007715902454931,1.0,1.0,1.0,5.126402247190518
5_ang_78.out,-2.135216814288755,-2.269369436334422,0.7342557867902246,5.0411017803750005,1.0,1.0,1.0,9.264987857520376
md_039.out,-3.4357687318136034,-3.569651853690811,0.734711568470049,7.402616002439138,0.9835668,0.5023339,1.0,8.279681619446789
47_ang_xy_job_005.out,-2.2195353379440066,-2.353140619086183,0.7351817520018064,4.700766261940705,1.0,1.0,1.0,6.331666447310692
48_ang_xy_job_009.out,-2.035724443134907,-2.1674286564966003,0.738406968625548,4.803823715604061,1.0,1.0,1.0,8.546344247688598
42_ang_x_job_006.out,-1.6533070208040326,-1.7832223132898193,0.7414548451923721,4.214416415175415,1.0,1.0,1.0,5.4671747731346585
42_ang_xy_job_009.out,-1.6224607770997672,-1.7511167336439861,0.7436079829392642,4.204450771575284,1.0,1.0,1.0,8.224354077980836
35_ang_42_42.out,-1.3167673828739688,-1.444062931311855,0.7459409538563194,3.522901800916398,1.0,1.0,1.0,6.894200461257274
40_ang_x_job_013.out,-1.3647341750956852,-1.4913524616177156,0.7471051213539148,4.035007230588318,1.0,1.0,1.0,4.882622246293481
md_131.out,-2.066561647444459,-2.191395589800976,0.7501809950974607,4.540688279359639,0.9829886,0.05406596,1.0,7.482904384683999
47_ang_xy_job_009.out,-1.9657224635222648,-2.0889685395511712,0.7529288250963001,4.703917121995242,1.0,1.0,1.0,8.490583018850943
43_ang_xy_job_009.out,-1.6896823370455794,-1.812186533794808,0.7542161075413799,4.304334128596431,1.0,1.0,1.0,8.275868534480233
geom_479.out,-1.1569457902776568,-1.2692378991378064,0.7721610506195442,3.001523188216276,1.0,1.0,1.0,5.196152422706632
geom_176.out,-2.3341020540537003,-2.4461266732701574,0.7726367847431788,3.1034151852865257,0.2587822,-0.1054281,0.9970065,7.346707377956808
md_129.out,-3.1507186609670983,-3.260162247613284,0.7772422733246215,7.109230869363577,0.9979639,0.09428809,1.0,8.545809240237814
5_12_ang.out,-1.8568507373717251,-1.9642194878080055,0.7809644223042025,5.002576369432055,1.0,1.0,1.0,5.141984052872976
40_ang_xy_job_003.out,-1.0497099249124446,-1.1557808085072576,0.7833017853329364,4.009735472534317,1.0,1.0,1.0,4.156921938165306
35_ang_56_56.out,-1.3176505575217758,-1.421660032006109,0.7870286198438188,3.64274955090245,1.0,1.0,1.0,8.658521813797089
md_092.out,-1.4459359716641345,-1.549749218540942,0.7873843039348077,3.7807744702481263,0.9974505,0.2156303,1.0,7.1172222011856565
geom_178.out,-2.0712706413859316,-2.1740550090374846,0.7892518932526063,3.289439310794471,-3.356131e-05,0.9969988,0.996999,8.930472231713171
geom_529.out,-2.938154790209788,-3.0318779029252028,0.8058920792057713,3.1390247863115066,-0.2587722,-0.9138922,0.5654658,8.897475014065057
5_ang_52_52.out,-2.210807397568216,-2.3035636249358156,0.8076882642970524,5.0203221301625645,1.0,1.0,1.0,8.892693630166285
geom_317.out,-3.243578232076282,-3.3363069236512146,0.8077394761880262,5.282686605635527,0.2587682,0.01850232,-0.565527,9.77525754420992
geom_498.out,-2.12453913101264,-2.2151898326312534,0.81161356747965,4.112004654399117,-3.356131e-05,0.9969988,0.996999,8.253741835155738
geom_323.out,-2.8536654257607554,-2.941136178729785,0.817578094887091,5.006771014117282,1.0,-0.4999999,0.2159749,6.561296821218501
geom_341.out,-4.992960126973375,-5.08004862936011,0.8182980148736494,2.5287102257730125,0.4999892,-0.9942668,-0.565502,6.555191909243085
geom_389.out,-2.0160330520749565,-2.101877580385814,0.8206452719211259,3.478216778832223,-2.024279e-06,0.9970081,0.9970071,9.874169463145344
42_ang_x_job_001.out,-1.1340504934055033,-1.2195055175259064,0.8213816113585994,4.215601970822198,1.0,1.0,1.0,4.317406628984581
40_ang_xy2_job_005.out,-1.7037902786008239,-1.7823631789969845,0.8345014576347252,4.020036952429666,1.0,1.0,1.0,7.161005515987263
44_ang_xy_job_005.out,-1.9982539393881698,-2.0767334434599434,0.8346809389618762,4.40085735390276,1.0,1.0,1.0,6.11228271597445
40_ang_x2_job_011.out,-1.7328848842812843,-1.809269823701385,0.8387162559699246,4.01020003488604,1.0,1.0,1.0,6.7201190465645775
5_ang_26_26.out,-2.1428669532589635,-2.218851458105629,0.8394899380702505,5.00369921987723,1.0,1.0,1.0,5.488169093604897
44_ang_x_job_001.out,-1.2716493643928082,-1.3467337060742075,0.8412317552943167,4.414902487756667,1.0,1.0,1.0,4.512205669071391
5_ang_80.out,-2.16234579637985,-2.2371349409167642,0.8418037488107584,5.020309070176856,1.0,1.0,1.0,9.433981132056603
geom_194.out,-2.1768397174677787,-2.2505904905462586,0.843818857963289,3.8034663479034494,3.828983e-05,0.9969819,0.9970035,9.692016440960677
md_159.out,-1.4516153904611768,-1.5243450477971692,0.8458051840453136,3.3508711769307093,0.9865627,0.8788329,1.0,5.957237529337487
md_074.out,-2.738051145306665,-2.8091317391525585,0.8490229036801137,4.524357566927154,0.9783251,-0.5343113,1.0,7.049670448386152
geom_444.out,-2.063952220878483,-2.133323807036909,0.8523705062700272,4.321018526750378,0.9659258,0.9999964,0.9970101,8.042923562936366
geom_48.out,-2.8065377798678948,-2.870888724261505,0.8622814743242317,2.7874550797078324,0.7071068,0.8634222,-0.431555,9.422550693354852
md_081.out,-2.226049181540219,-2.288753648906706,0.8655567202750369,4.196891515420908,0.9663266,0.7527597,1.0,7.217156403044969
40_ang_x_job_012.out,-1.383498823689261,-1.4421456450660166,0.8736815782511052,4.021355909503659,1.0,1.0,1.0,4.770744176750625
35_ang_58_58.out,-1.4027224933718294,-1.4613202160831307,0.8737803569052585,3.730517965457344,1.0,1.0,1.0,8.917959407846618
geom_528.out,-3.039252513310126,-3.096453588863124,0.8765948693855509,5.165226874517421,0.9659135,0.4463663,-0.9969932,7.002183205670429
43_ang_xy_job_005.out,-1.9354589104846402,-1.989990203334898,0.8820002478037997,4.300890541434413,1.0,1.0,1.0,6.040695324215582
geom_30.out,-3.789020346850166,-3.8420752473435122,0.8850037267321792,7.022173808347739,1.0,-0.5,0.9535736,9.951928940455312
geom_118.out,-3.93446554686617,-3.9841274980840105,0.8919449455313841,6.005741918181716,1.0,-0.4999999,0.2159749,7.35191240264273
geom_223.out,-3.8685871129615745,-3.9167696481098844,0.8949885203848706,3.190632707175961,-0.2587682,0.01850232,-0.565527,9.381048025441135
geom_381.out,-2.33461246787894,-2.3805517426365057,0.8996233626070184,4.206193780961595,-3.356131e-05,0.9969988,0.996999,9.876508202872106
geom_443.out,-5.32595312087229,-5.368913597590307,0.9058150314963713,2.967037310909656,0.499965,-0.9988789,-0.4315087,9.98603892010686
42_ang_xy_job_005.out,-1.8663021287091026,-1.9065361298130945,0.9115195734784656,4.200925308714735,1.0,1.0,1.0,5.96992462263972
geom_139.out,-3.5620687828936393,-3.601744550705007,0.912691975525543,6.000476768507649,1.0,1.0,1.0,7.3484692283495345
md_155.out,-1.6283969651371397,-1.6670600461930754,0.9148226715359585,3.568271287865596,0.9850938,0.5958814,1.0,6.128281707357863
51_ang_xy_job_010.out,-2.364744715972823,-2.3993281021651995,0.9234568641663964,5.173415727602026,1.0,1.0,1.0,9.301075206662937
5_ang_54_54.out,-2.2636256289777954,-2.297179619674406,0.9256483030615381,5.052798659218473,1.0,1.0,1.0,9.127978965795222
geom_373.out,-2.8587575082145404,-2.8918008390131753,0.9267373555384417,2.574735862727282,0.4999817,0.4584142,0.997005,6.477671066217859
geom_135.out,-2.573697445315789,-2.6059183215156487,0.9284940473762151,4.762321253469782,-1.430858e-05,0.9970042,0.9970017,9.788572298833577
md_018.out,-1.5087354944926124,-1.5385253643820889,0.9337059581104511,3.511991220743725,0.9999999,0.5290631,0.999998,5.567950828345829
md_073.out,-3.627054800534025,-3.652530116953784,0.9430282079294087,7.796150849334497,0.9965859,0.8509757,1.0,8.153489978255447
52_ang_xy_job_007.out,-2.7633414301021086,-2.7882184451242615,0.9443282564896636,5.202046241518811,1.0,1.0,1.0,7.683749084919419
35_ang_30_30.out,-1.4201853170110394,-1.4418030962260637,0.9514417852827355,3.501224278648827,1.0,1.0,1.0,5.5
40_ang_x2_job_003.out,-1.6685170966938883,-1.6883383956566789,0.9553856218261874,4.004702377081223,1.0,1.0,1.0,5.517245689653488
52_ang_xy_job_001.out,-2.2250559336186333,-2.2429285265284022,0.9596821280105222,5.202021776165493,1.0,1.0,1.0,5.388877434122992
md_115.out,-1.9736575499222822,-1.9914912845793076,0.9597679988668386,4.211571181000506,0.9830621,0.1391469,1.0,7.022052764603311
5_ang_52.out,-2.652105764618972,-2.6689200710364887,0.9620235279317365,5.014198034481685,1.0,1.0,1.0,7.213875518748574
md_128.out,-1.4468939331742998,-1.4634494354089629,0.9625969865474551,3.026251854630906,0.9817479,0.1720514,1.0,5.4206299567605605
geom_527.out,-3.7408955394538492,-3.756256276570042,0.9652487833385138,6.004653861905447,1.0,0.4999995,-0.3011595,7.0037052575009175
51_ang_xy_job_007.out,-2.6834452106578497,-2.6965631638270118,0.9702464152387094,5.102089091627075,1.0,1.0,1.0,7.616429609731846
40_ang_xy_job_014.out,-1.7389322763072166,-1.7508704597133793,0.9728856924941032,4.001000056160959,1.0,1.0,1.0,5.830951894845301
35_ang_40_40.out,-1.4329018378337957,-1.444166049612246,0.9743966635637605,3.503107349040277,1.0,1.0,1.0,6.652067347825035
5_ang_82.out,-2.2111916040434583,-2.2224432710296824,0.9744248098579076,5.007424403832773,1.0,1.0,1.0,9.604165762834375
geom_514.out,-4.063710801572757,-4.073092299082017,0.9786299493490273,4.492142439848718,0.4999937,-0.4045192,-0.9970045,8.530065992910078
35_ang_60_60.out,-1.5021134285565396,-1.5112465315572017,0.9791898363503582,3.837173997957352,1.0,1.0,1.0,9.17877987534291
5_ang_56_56.out,-2.3131889722042698,-2.319742613935375,0.9850229705221893,5.100775851828817,1.0,1.0,1.0,9.365895579174476
md_122.out,-3.167769725476798,-3.1740805665528633,0.9855738204628932,7.194126666513594,0.999508,-0.1095461,1.0,8.964007341240467
geom_403.out,-3.106256442084621,-3.1093804141282284,0.9928325977661887,5.221011770676446,0.2588171,-0.1269525,0.9970064,9.753119732043489
47_ang_xy_job_010.out,-2.046112475424315,-2.048200009916151,0.9952048080170867,4.779611520887446,1.0,1.0,1.0,9.087904048789248
35_ang_16.out,-1.2035829331735484,-1.2053190910426999,0.9960103287418258,3.5083173077702083,1.0,1.0,1.0,3.8483762809787714
48_ang_xy_job_010.out,-2.128969559091804,-2.1288244157704916,1.0003342607006638,4.877968049362357,1.0,1.0,1.0,9.14002188181188
43_ang_xy_job_010.out,-1.7756870859602158,-1.7754206995595787,1.0006135655094412,4.386928571403916,1.0,1.0,1.0,8.887631855561976
5_ang_24.out,-2.2582379191730824,-2.2567058187370534,1.003534021605715,5.004584761875853,1.0,1.0,1.0,5.546169849544819
5_ang_40_40.out,-2.6077687404544068,-2.6060695252135595,1.003920251846864,5.002133654641788,1.0,1.0,1.0,7.54983443527075
40_ang_xy_job_007.out,-1.3660499097437484,-1.3642608568065384,1.0041279432071077,4.004697976502098,1.0,1.0,1.0,4.595650117230423
geom_308.out,-3.8349919729728685,-3.833157994951172,1.0042318194197866,7.005709709222328,1.0,-0.5,0.9535736,9.112404382810938
5_14_ang.out,-2.007533237510346,-2.003398815169387,1.0095653172472419,5.0001970293179445,1.0,1.0,1.0,5.192301994298868
51_ang_xy_job_001.out,-2.1318417451080243,-2.1236403034433593,1.0190639575830696,5.102068850936843,1.0,1.0,1.0,5.292447448959696
46_ang_xy_job_010.out,-1.9819670055051117,-1.9726119631064947,1.0217744586470476,4.681324629909787,1.0,1.0,1.0,9.036592278065886
5_ang_40.out,-2.6293717034900252,-2.6178964718990834,1.026774871621152,5.00065374980112,1.0,1.0,1.0,6.4031242374328485
44_ang_x_job_004.out,-1.7085362310523604,-1.6896833296202587,1.0443664251208686,4.411333688557237,1.0,1.0,1.0,5.060632371551998
geom_512.out,-3.6475599154925535,-3.6272221204774375,1.0479433233108517,6.001965892705572,1.0,0.4999995,-0.3011595,6.405562842869157
43_ang_x_job_004.out,-1.6352820462932296,-1.6097537489009603,1.0605430380867804,4.311593546683175,1.0,1.0,1.0,4.973932046178355
5_ang_1_1.out,-2.0329107630152725,-2.0071747264709536,1.0610504564900978,5.002117807459157,1.0,1.0,1.0,5.196152422706632
42_ang_x_job_004.out,-1.5635701242332731,-1.5373802708515498,1.0621597826597238,4.211865728130468,1.0,1.0,1.0,4.887739763939975
geom_494.out,-2.1633774834456743,-2.1340437475832807,1.0698767157587743,3.979770753341202,-1.430858e-05,0.9970042,0.9970017,7.871017192808818
48_ang_xy_job_007.out,-2.4608524945049037,-2.4293897281877115,1.0751344211647067,4.8022283472259,1.0,1.0,1.0,7.418894796396563
geom_247.out,-2.556336112986506,-2.5226919374746224,1.080548277856267,4.924911636956038,2.106085e-05,0.9969957,0.9969997,9.178650685236477
5_ang_84.out,-2.2595248870065094,-2.2257213965548637,1.0809447347991885,5.002508886558823,1.0,1.0,1.0,9.775479527879948
geom_41.out,-1.968241557882334,-1.933274129716505,1.0838456231799527,2.5977676414077147,3.828983e-05,0.9969819,0.9970035,8.167415912750618
40_ang_xy2_job_013.out,-1.690666707450892,-1.6551170259876713,1.0852996962550334,4.203117211142225,1.0,1.0,1.0,9.125787637239869
geom_469.out,-4.6767895775930945,-4.641239847380842,1.085299818078623,5.545160501319507,0.7070844,-0.5195811,-0.5655495,9.77002632865301
52_ang_xy_job_002.out,-2.447734221867451,-2.411961017999328,1.0858584213751825,5.205848359508756,1.0,1.0,1.0,5.616048432839589
5_ang_58_58.out,-2.410905802574008,-2.3739709939925433,1.0887666476239768,5.1638216749419215,1.0,1.0,1.0,9.606247966818264
md_004.out,-2.006572338195001,-1.9670935540903898,1.0951630538066464,4.188931329367192,0.9976247,0.47082,1.0,5.397451163343676
geom_148.out,-1.249683144247926,-1.2081915607587277,1.1002505225285237,2.556071334802689,1.0,1.0,-0.7375989,9.856229093816763
47_ang_xy_job_007.out,-2.385199264980052,-2.3434851979191578,1.1008143113578477,4.702278713443089,1.0,1.0,1.0,7.354590403278758
geom_100.out,-5.698970004336019,-5.655545951977743,1.1051571871169015,5.414044628193325,0.4999892,-0.9942668,-0.565502,9.623681778145306
geom_447.out,-2.6068118650133227,-2.557295917274349,1.120768581153256,5.074884942312879,1.0,-0.5,0.9535736,9.851348417139253
44_ang_xy_job_007.out,-2.1469917535605507,-2.0963089912914015,1.1237837872529737,4.402443537275634,1.0,1.0,1.0,7.166589146867567
40_ang_x_job_011.out,-1.4510808220900835,-1.3946227177584696,1.1388279157362202,4.005936209152612,1.0,1.0,1.0,4.66476151587624
geom_240.out,-3.602714114259161,-3.5458990043499767,1.1397644578458563,3.1040708685861222,-1.234809e-07,-0.5654558,-0.5654565,9.665306702407328
md_056.out,-2.244534878768669,-2.185811708644543,1.144782996275719,4.401367576687614,0.9831468,0.7161953,1.0,5.506164035798426
35_ang_14_14.out,-1.3004375457666684,-1.2364827440271622,1.1586567651789987,3.5164745331368468,1.0,1.0,1.0,4.02119385257662
5_ang_100.out,-2.970045107049674,-2.903429868030649,1.1657763458107182,5.245137096406538,1.0,1.0,1.0,11.180339887498947
geom_81.out,-3.3700831639770126,-3.3021963712464384,1.1691945780786557,5.823297689984088,0.9659222,-0.4488707,0.9969658,9.945476773815772
40_ang_x_job_006.out,-1.265268446070447,-1.1973297625270227,1.1693342853147675,4.000456471004278,1.0,1.0,1.0,4.237924020083418
geom_218.out,-3.1017518171628815,-3.0319597369711246,1.1743352037749002,5.0004335565280735,1.0,-0.5,0.9535736,5.386221833147238
44_ang_x_job_007.out,-2.1110546604013107,-2.040722986796407,1.1757951747876776,4.400551457374405,1.0,1.0,1.0,5.946427498927402
40_ang_xy2_job_014.out,-1.777594915695845,-1.7055117825202437,1.1805465956831058,4.298061689948156,1.0,1.0,1.0,9.38083151964686
49_ang_xy_job_001.out,-1.9686811567122298,-1.8944586431444606,1.1863764400669519,4.90216876083433,1.0,1.0,1.0,5.1000000000000005
40_ang_xy2_job_004.out,-1.8658680282327442,-1.791076573179371,1.1879316546019725,4.002701724947788,1.0,1.0,1.0,6.928203230275509
geom_408.out,-2.101246447624459,-2.026253397725391,1.188483207751786,3.060681065013472,1.430858e-05,0.9970042,0.9970017,7.220645930212338
43_ang_x_job_007.out,-2.031764945556088,-1.9539273546310945,1.1962930810320214,4.300568000741297,1.0,1.0,1.0,5.8728187440104085
geom_122.out,-2.509208000495447,-2.4286873437368186,1.2037066414655189,3.640394567749216,0.8660148,-0.2743946,0.9970095,9.85390202418108
geom_90.out,-2.5437559205197857,-2.4620715266315223,1.2069364236518818,5.2413923999830425,1.0,1.0,1.0,9.848857801796104
geom_428.out,-1.8049220206295777,-1.7179617660129232,1.2216878496863166,4.000622592672296,1.0,1.0,1.0,5.65685424949238
md_139.out,-2.423882448592267,-2.336207496377323,1.223699977960686,4.07873291105277,0.9771498,-0.4908558,1.0,7.05731082335368
geom_281.out,-3.3987154384487153,-3.3097919609362876,1.2272229759841173,4.798090448634228,-1.240245e-05,-0.5654904,-0.565513,9.775540215582208
42_ang_xy_job_011.out,-1.9037454655746056,-1.8132934491464532,1.2315499088791397,4.48476379429285,1.0,1.0,1.0,9.4678403028357
48_ang_xy_job_001.out,-1.879173053453026,-1.786427369250081,1.2380713797187652,4.802221835744367,1.0,1.0,1.0,5.0039984012787215
5_ang_32_32.out,-2.7654021921906224,-2.6703891680610177,1.2445519342871425,5.005291825518269,1.0,1.0,1.0,6.743886120034946
43_ang_xy_job_011.out,-1.9706648765749941,-1.8751743858745478,1.2459209563224543,4.578536042295616,1.0,1.0,1.0,9.51262319236918
md_026.out,-3.1457312058627793,-3.046729506134888,1.2560348795145055,5.58639155689726,0.9989472,0.7958584,1.0,6.049844584163299
46_ang_xy_job_011.out,-2.1947850655977876,-2.0946518894747506,1.2593115196573408,4.8613424370846365,1.0,1.0,1.0,9.651942809610922
md_143.out,-2.7923885514713827,-2.691651496374771,1.2610637885351759,5.210603297701908,0.9949654,0.8200854,1.0,5.788103261174338
48_ang_xy_job_011.out,-2.3696995312849345,-2.2686233410104855,1.2620489222060312,5.050982309472089,1.0,1.0,1.0,9.748846085563152
geom_538.out,-3.008060848978398,-2.9041711194218642,1.270251538401156,5.088442963965009,0.9659252,0.4455363,0.4314547,7.1048156520547385
geom_453.out,-1.6919439195839132,-1.5878283269492464,1.2709123286069062,3.858042805698247,1.0,1.0,1.0,9.69535971483266
geom_377.out,-3.445547983756954,-3.3386725870926455,1.2790142897973131,5.408186000875802,0.8660255,0.9657532,-0.5654229,7.869206255162651
5_ang_88.out,-2.394771775815926,-2.2871606901880632,1.2811827588215234,5.016641023643211,1.0,1.0,1.0,10.121264743103996
40_ang_xy_job_004.out,-1.3070733047183662,-1.199324607108288,1.2815887829406083,4.002741880224105,1.0,1.0,1.0,4.242640687119285
47_ang_xy_job_001.out,-1.7924336054203687,-1.684017934008164,1.2835585129048896,4.70227716746897,1.0,1.0,1.0,4.908156476723211
md_120.out,-2.133124394905267,-2.020622587250788,1.2956920905368123,4.282233271080173,0.998015,0.9934988,1.0,6.189206596131446
5_ang_90.out,-2.4677367226582008,-2.3455043579195447,1.325050299929577,5.035621427400992,1.0,1.0,1.0,10.295630140987
geom_61.out,-1.3604853599981344,-1.2376635096555155,1.3268500658878428,2.724505448704407,0.9659258,0.9999963,0.9970119,7.332282534345291
geom_490.out,-2.9027415585734335,-2.7796558410089602,1.3276564740667764,4.001906927816413,0.2587735,0.9758127,0.9970126,9.877032644138875
35_ang_38_38.out,-1.5824473256508171,-1.4561522403485228,1.3375039870231569,3.506092568501294,1.0,1.0,1.0,6.413267497929585
geom_102.out,-3.217460674470391,-3.0838270853017278,1.360296526731138,3.0872844389019294,0.5,0.9992473,0.9970043,9.804804242073374
geom_164.out,-5.32595312087229,-5.188567597070131,1.3720992400695375,7.998914328569847,1.0,1.0,-0.7375989,8.000004496861237
geom_142.out,-5.32595312087229,-5.186342162352133,1.3791482685295882,6.45661658857408,0.4999666,-0.9625138,0.9970094,9.8907802350351
geom_353.out,-2.5235663431841697,-2.3808356776252744,1.3890908978240306,4.799146055943077,-3.828983e-05,0.9969819,0.9970035,8.782298030234001
43_ang_xy_job_001.out,-1.4917604325106126,-1.3489078787353712,1.3894808119970041,4.302524207915628,1.0,1.0,1.0,4.5265881191025095
48_ang_xy_job_002.out,-2.107104754439221,-1.963371528883762,1.3923012901041734,4.806394193384476,1.0,1.0,1.0,5.24785670536077
5_ang_42.out,-2.7923885514713827,-2.645989565971796,1.400873711546855,5.00535572416187,1.0,1.0,1.0,6.529931086925803
geom_520.out,-2.818821225480062,-2.6721480986574413,1.4017582694283675,4.454794821959144,0.9659208,-0.4976804,-0.4314682,8.645730846020191
geom_117.out,-3.445547983756954,-3.2945889233735173,1.415660323684824,6.000445456314056,1.0,1.0,1.0,9.433981132056603
geom_383.out,-1.4158841830106557,-1.2626445375878763,1.4231138503863103,2.4412466314008507,0.9659222,-0.4488707,0.9969658,7.051384137778129
5_ang_94.out,-2.673302092521187,-2.516930942598787,1.4334123763271385,5.096967251228911,1.0,1.0,1.0,10.64706532336493
geom_36.out,-4.063710801572757,-3.904703813840989,1.4421385551269064,2.6222770737854915,1.928185e-05,-0.4314561,-0.4314574,7.325636346007766
geom_149.out,-3.4727565998437058,-3.309827458538898,1.4552216299057517,2.812694459572351,-4.041006e-05,-0.4313759,-0.4314639,8.604299736129954
geom_426.out,-4.341623758373022,-4.177111040184304,1.4605375202356488,5.90890353590791,0.4999874,0.4045441,0.996999,9.999257964479217
42_ang_xy_job_001.out,-1.453323731818705,-1.2880844933704694,1.4629828613342484,4.202593313621959,1.0,1.0,1.0,4.431703961232068
47_ang_xy_job_002.out,-2.026331826681682,-1.8604191707481128,1.465253123795132,4.706545138655318,1.0,1.0,1.0,5.156549233741496
md_114.out,-4.576913779112691,-4.410714142789963,1.4662216782943884,6.736884642009836,0.9997858,-0.6691486,1.0,8.102891541617966
5_ang_50.out,-2.836299104799726,-2.669899393873667,1.4668973058136683,5.003541338791956,1.0,1.0,1.0,7.071067811865476
geom_439.out,-2.5826455073843393,-2.414202320059193,1.4738157296573515,4.290509829763824,4.56169e-11,0.9970136,0.9970136,9.909651830049327
42_ang_x_job_002.out,-1.4812188175269234,-1.3044392201995336,1.5023793212284167,4.2025968134476095,1.0,1.0,1.0,4.459820624195552
geom_225.out,-2.94852686655455,-2.76252145540748,1.5346361036729612,5.018834011947994,-2.024279e-06,0.9970081,0.9970071,9.961476927991754
43_ang_x_job_002.out,-1.5538590650286994,-1.3660543563511247,1.541007344819686,4.302540177197652,1.0,1.0,1.0,4.55411901469428
md_031.out,-5.698970004336019,-5.507632123778897,1.5535952350244129,6.885562640181918,0.9790713,-0.928243,1.0,9.264640532752797
md_145.out,-1.6733920466461136,-1.4797920643472438,1.5617085296126967,3.712312727711662,0.9904134,0.9688314,1.0,4.695048151316236
geom_481.out,-2.087876766538973,-1.890911858574981,1.573855688012944,2.73319650625417,1.625304e-09,0.996999,0.996999,9.31960772257073
44_ang_x_job_002.out,-1.6348740058649025,-1.4375219338962069,1.5752593714210243,4.402486113141074,1.0,1.0,1.0,4.648655719667784
35_ang_32_32.out,-1.6541056270811996,-1.456303363812971,1.5768931378704543,3.5079874940769105,1.0,1.0,1.0,5.721013896155122
42_ang_xy_job_002.out,-1.6399506914646467,-1.442038055002886,1.5772939462091513,4.2074074133841615,1.0,1.0,1.0,4.705316142407437
geom_355.out,-5.698970004336019,-5.500908973978774,1.5778329831883835,2.479969942755355,0.499965,-0.9988789,-0.4315087,6.515423341110615
43_ang_xy_job_002.out,-1.7118712673827992,-1.510224911041334,1.590912727790811,4.307218956844428,1.0,1.0,1.0,4.794788837894741
geom_372.out,-4.0371685784312845,-3.835459478095366,1.5911425889439168,2.838468444738993,-4.041006e-05,-0.4313759,-0.4314639,7.459516602915097
geom_547.out,-3.2917038988433003,-3.0882527362263943,1.5975378722607123,5.9940828721425765,0.9659133,0.4478327,0.5652835,9.099027812924028
geom_407.out,-2.5315299027327893,-2.3251843952328706,1.608220180533763,2.673265411625639,0.7070662,0.805692,-0.4315832,8.342510053551809
5_ang_22.out,-2.4078724461799688,-2.2000652512495726,1.6136420212822238,5.000140461907044,1.0,1.0,1.0,5.462600113499065
5_16_ang.out,-2.261462517896196,-2.0501958781115377,1.6265470853904682,5.00581365334348,1.0,1.0,1.0,5.249761899362675
40_ang_x2_job_009.out,-2.019232982831583,-1.8076197512671435,1.6278456808920323,4.004724758419735,1.0,1.0,1.0,6.4031242374328485
40_ang_x2_job_005.out,-1.9607276910086184,-1.74902782641162,1.6281704358233875,4.006534803168444,1.0,1.0,1.0,5.8
geom_505.out,-5.698970004336019,-5.485112764698933,1.6362785589889624,5.030746697530298,1.0,-1.0,0.6752376,7.684631355896586
geom_505.out,-5.698970004336019,-5.485112764698933,1.6362785589889624,5.030746697530298,1.0,-1.0,0.6752376,7.684631355896586
43_ang_x_job_009.out,-2.264276668810082,-2.0465092389490245,1.6510773888060168,4.304404533811849,1.0,1.0,1.0,6.594694837519018
geom_510.out,-4.992960126973375,-4.771955678519731,1.663429688698472,6.077167170641927,0.8660218,0.2858596,-0.9970046,8.040952304391876
42_ang_x_job_009.out,-2.188355677415388,-1.9645833450446446,1.674065060728715,4.2045062005781375,1.0,1.0,1.0,6.529931086925803
5_ang_38_38.out,-2.8726357136757477,-2.643412141023685,1.6952102617200302,5.004224725059817,1.0,1.0,1.0,7.340299721401028
geom_144.out,-2.6601362403162456,-2.4286105463147294,1.7042201424700127,2.9906556414517205,0.2588171,-0.1269525,0.9970064,7.304822825200896
geom_328.out,-3.039252513310126,-2.8037182814938824,1.7200229109731715,5.065083322035483,0.2588171,-0.1269525,0.9970064,8.917318908033737
geom_99.out,-5.698970004336019,-5.463347087519924,1.7203741837011035,5.575117807917874,0.499965,-0.9988789,-0.4315087,9.970610077316683
md_080.out,-5.698970004336019,-5.4541708636025525,1.7571107700877073,5.474107518880316,0.9995439,-0.9665067,1.0,7.400304555343855
geom_209.out,-0.9337978867154597,-0.6871809638340736,1.7644807426583222,3.0601510802899914,1.0,1.0,-0.7375989,7.355366200931128
35_ang_20.out,-1.5005390452103227,-1.2439026763360257,1.805661627567997,3.4999996506285536,1.0,1.0,1.0,4.031128874149275
geom_451.out,-5.698970004336019,-5.436165938232644,1.831487951976803,8.011006995496881,1.0,-0.4999999,0.2159749,8.545651056305307
geom_441.out,-2.3280234251054486,-2.0641534388685248,1.8359886252797084,4.28439776677843,-0.4999999,0.9970123,0.9970127,9.18906924945775
geom_143.out,-3.052384706474462,-2.784763629829545,1.8519151163209664,5.021496516935962,3.356131e-05,0.9969988,0.996999,10.052923668336492
geom_111.out,-4.171937443463716,-3.904068724245338,1.8529714129674415,6.242062720228466,0.9659109,0.9982448,-0.431664,8.128512165825551
40_ang_xy2_job_003.out,-2.079707263005221,-1.8062978505304592,1.8767629120425138,4.00531460673191,1.0,1.0,1.0,6.69925368977769
geom_91.out,-2.778685794435112,-2.502400424972503,1.8892323322289675,4.581823043734885,4.56169e-11,0.9970136,0.9970136,9.563292288370151
geom_491.out,-5.128293994598362,-4.851538678213132,1.8912777633661757,2.5394877413667505,0.499965,-0.9988789,-0.4315087,8.028729993833956
35_ang_36_36.out,-1.7399051244772932,-1.4586758852199146,1.9108616271493275,3.5019393200054165,1.0,1.0,1.0,6.178187436457395
5_ang_44.out,-2.960229754688181,-2.6747131622209217,1.9298190646142686,5.018030881272055,1.0,1.0,1.0,6.660330322138685
geom_492.out,-3.3458349174846074,-3.0590263909179534,1.9355684149025774,2.5970319330098737,-0.2588073,-0.920169,-0.5655046,8.23251406892773
geom_227.out,-4.396899383940831,-4.106243540215679,1.9527913546933626,4.154395395748581,0.8660192,-0.6869643,-0.5655354,10.01214253425734
geom_363.out,-3.680255694992052,-3.387144618626799,1.963862495545811,5.777840264793152,0.8660182,-0.2858406,0.9969883,8.676138568520273
geom_467.out,-1.758002697316653,-1.463168625469681,1.9716692889443281,3.100129137407021,1.0,1.0,-0.7375989,9.701439684387054
geom_524.out,-5.698970004336019,-5.3990550695085275,1.9948715416135854,5.010271687593797,1.0,-1.0,0.6752376,8.06499950874326
geom_336.out,-3.680255694992052,-3.3783125459667964,2.004209650717507,3.308206613093868,0.4999593,0.9970365,0.9970163,6.894156350874994
geom_301.out,-3.988504919588437,-3.6850403608336677,2.0112430610311103,3.869562066150381,2.828869e-08,-0.4314875,-0.4314876,7.856781686749416
md_093.out,-3.4422637050306086,-3.134423968856005,2.031607166688679,6.029280937966068,0.9991658,-0.3183131,1.0,6.2096108608951495
geom_316.out,-2.3968297199416124,-2.087588528429425,2.0381736917022204,3.5698694608758457,0.9659109,0.9982448,-0.431664,9.902853226720772
35_ang_06.out,-1.4320061696325765,-1.1183714201052908,2.0588976102482794,3.5510561809129406,1.0,1.0,1.0,3.5510561809129406
geom_158.out,-3.905000562455326,-3.58680442518785,2.0806361375597255,6.003194182324939,1.0,1.0,1.0,7.810249675906654
40_ang_x2_job_006.out,-2.1107495427827816,-1.7823667810577284,2.1300154898912904,4.022394949405142,1.0,1.0,1.0,5.946427498927402
35_ang_34_34.out,-1.7984099907070834,-1.460795852305612,2.175775781875938,3.505545749380544,1.0,1.0,1.0,5.947268280479703
geom_121.out,-2.5830977868028704,-2.238316363859976,2.2119811563829463,3.572704347199751,4.706882e-05,0.997716,0.9970094,8.79628331034193
geom_93.out,-4.396899383940831,-4.051238666020392,2.2164641841191077,7.000035087576347,1.0,1.0,1.0,7.54983443527075
geom_229.out,-3.5620687828936393,-3.214821053416461,2.2245784688556913,5.156310856752529,0.7070918,0.03508414,0.9970072,7.93426174298693
geom_523.out,-5.698970004336019,-5.336943392778334,2.3015828434419396,4.999220953692785,1.0,-1.0,0.6752376,6.16684514772578
md_104.out,-1.8300707421766178,-1.467652486515993,2.3036593328908017,3.268276602572065,0.9853627,0.9956205,1.0,4.377295736695659
geom_201.out,-1.6603316123342386,-1.2947560387175336,2.320467945933098,2.509333306452134,0.8660254,0.9728193,-0.4315719,8.291625153159362
5_ang_24_24.out,-2.518077481898636,-2.1470665206848416,2.349692124278994,5.011333469466983,1.0,1.0,1.0,5.377731863899501
geom_545.out,-2.642142460487956,-2.266476687815649,2.375011805244097,4.042584143403573,0.9659135,0.4463663,-0.9969932,5.465200970300452
5_ang_46.out,-3.0550594774312283,-2.6741374398445146,2.4039312193397224,5.006187564304797,1.0,1.0,1.0,6.794115100585212
geom_395.out,-2.5219910056331534,-2.133967700819163,2.443561673914172,3.8985765598579696,-0.2588191,0.9983491,0.9970019,9.578239909072074
5_ang_34_34.out,-3.0631840756195,-2.6744900101739013,2.447338630405469,5.003655763639222,1.0,1.0,1.0,6.93685807840985
geom_1.out,-5.32595312087229,-4.936983416735423,2.448892404083731,7.000380324964637,1.0,-0.4999999,0.2159749,7.281399589099063
44_ang_x_job_008.out,-2.505029265400903,-2.1149109805473856,2.455377573567815,4.413712087427091,1.0,1.0,1.0,6.293647591023825
geom_366.out,-1.4791835998566045,-1.0870724680833597,2.466670453683912,3.127823710283238,0.9659259,0.9983137,-0.4315864,8.107177506485288
md_153.out,-3.051053473343405,-2.6571897329058096,2.4766448902767606,4.758352060102636,0.9893323,0.6391241,1.0,6.645221903782898
42_ang_x_job_008.out,-2.3397498732062134,-1.944938074498463,2.482057273953066,4.214356699509429,1.0,1.0,1.0,6.155485358604957
md_106.out,-2.6243667273686233,-2.2287855300117023,2.486458398542777,4.662270195760859,0.9951054,0.1448077,1.0,7.624753346525316
43_ang_x_job_008.out,-2.4257683174544282,-2.0285291469532467,2.4959689046317255,4.314026934396678,1.0,1.0,1.0,6.224146527838174
geom_394.out,-3.1660341765565843,-2.759746340225835,2.5485187687573827,5.013915918969923,-3.356131e-05,0.9969988,0.996999,9.960650294102289
geom_415.out,-4.171937443463716,-3.763519383396787,2.5610500157998066,6.005102457457824,0.8660255,0.9657532,-0.5654229,7.969650123204344
geom_292.out,-1.522447850903442,-1.1116175523842031,2.5753146507605846,3.038792328557514,1.0,1.0,1.0,7.0
geom_513.out,-3.0756632667820045,-2.659995301883665,2.6041618052537,5.009406787178098,1.0,0.4999995,-0.3011595,6.484679740276
40_ang_xy_job_006.out,-1.7266685510995576,-1.304253102521507,2.6449377100205655,4.014334707295843,1.0,1.0,1.0,4.463182720884279
geom_544.out,-4.0244819845501425,-3.5945899540025827,2.6908657477201277,6.000426712716855,1.0,0.4999995,-0.3011595,6.326224255742599
geom_109.out,-2.3892345907320296,-1.9516200956254863,2.739141671945995,2.649858974195608,-1.430858e-05,0.9970042,0.9970017,8.449781751589327
geom_535.out,-2.319062089314967,-1.8769281344528643,2.767795219355588,4.009249393701144,1.0,0.4999994,0.9763998,6.929322798891751
geom_172.out,-4.077616092967418,-3.628079310460997,2.815378453094425,5.61318575578646,0.2588189,0.9756711,0.9970131,10.093321586096422
5_ang_36_36.out,-3.118502327232585,-2.6630891528751164,2.853731928875793,5.001129772461419,1.0,1.0,1.0,7.135825109964509
geom_305.out,-2.0057332917818917,-1.5469647653313565,2.875865205847197,3.0,1.0,1.0,1.0,3.0
md_019.out,-3.6581873389282973,-3.197396736521741,2.8892864603104798,3.911218475054033,0.9946043,-0.7401634,1.0,5.673136739347466
geom_42.out,-5.698970004336019,-5.236893712398494,2.8978526049271416,3.493276562367772,-0.7070981,-0.8686181,-0.5655095,10.135478729554514
35_ang_12_12.out,-1.678153336710537,-1.2094416243065513,2.942467755499079,3.517994678748108,1.0,1.0,1.0,3.889730067755345
40_ang_xy2_job_002.out,-2.277954733037482,-1.8065643937842175,2.960672291773389,4.001602054302752,1.0,1.0,1.0,6.474565622495458
51_ang_xy_job_006.out,-3.23945648893497,-2.7630234675349215,2.995249617650352,5.100370868966295,1.0,1.0,1.0,7.1070387644925646
52_ang_xy_job_006.out,-3.3458349174846074,-2.8578968412572046,3.07565824149559,5.200349122991647,1.0,1.0,1.0,7.179136438319027
md_071.out,-5.698970004336019,-5.205791418168976,3.1129961686235665,6.330565063715719,0.9998414,-0.8980842,1.0,6.471057542558327
md_158.out,-2.2100400028023555,-1.704194708177976,3.2051273833033824,3.820795651827902,0.9993819,0.3050069,1.0,5.825582572700347
geom_417.out,-3.549323860647298,-3.0415365224102615,3.219491910822034,4.993138434537641,0.8659991,0.9699778,-0.5655799,7.866666466153246
geom_466.out,-3.6074743367197177,-3.099364985117221,3.2218799307212933,2.5012280956530137,-0.8660019,0.9999296,0.9970288,9.208487306542263
md_015.out,-2.528326934590361,-2.0181134216167305,3.237527849714926,3.25428507662574,0.9733755,0.06431455,1.0,4.8458393836059
geom_238.out,-5.698970004336019,-5.182116390562172,3.287408046070839,2.4804212218568846,0.4999892,-0.9942668,-0.565502,6.463522953235797
44_ang_xy_job_006.out,-2.644221087412537,-2.126984522123969,3.290308090049614,4.400550761097978,1.0,1.0,1.0,6.622688275919379
43_ang_xy_job_006.out,-2.561472029842627,-2.0426913686667696,3.3020273124711936,4.300581239902346,1.0,1.0,1.0,6.556675987114202
42_ang_xy_job_006.out,-2.4825588727991046,-1.9605657894688022,3.326542553267828,4.200613169645593,1.0,1.0,1.0,6.491532946846993
5_ang_22_22.out,-2.6034793066956223,-2.0760956196166234,3.3680899934087374,5.01249903338644,1.0,1.0,1.0,5.280151512977634
geom_537.out,-2.7578933968389077,-2.2155203286891414,3.4863667271944156,4.580870357580969,0.9659252,0.4455363,0.4314547,8.137886301103132
geom_335.out,-4.806716746106686,-4.236805673755292,3.714591600397986,6.267180068084849,0.499971,0.9992473,0.9969959,9.887669913031075
geom_533.out,-3.192825071481841,-2.616461810563248,3.77019020612616,4.095108697040532,0.2587889,-0.01854256,0.5655071,7.836543686454252
geom_314.out,-3.3154761891187516,-2.730261716534507,3.847817562846514,2.5847327023597626,0.2587867,0.998349,0.996998,6.476005452497782
geom_412.out,-4.138169151433469,-3.5470004476424464,3.900934909507588,3.000394430504096,1.0,1.0,-0.7375989,4.128863275745517
md_156.out,-3.2059165165844954,-2.5939921667979675,4.091893763930443,4.995014743832495,0.9923107,0.1535812,1.0,7.263968889094584
geom_98.out,-3.774717759117624,-3.1535479186180453,4.179938004435093,4.800988578664815,-2.828869e-08,-0.4314875,-0.4314876,9.72638259957118
md_043.out,-4.228089747390854,-3.5863483329322037,4.382696676446282,6.46345559619829,0.9936463,0.3404678,1.0,7.658284278188229
5_18_ang.out,-2.7531817936923093,-2.0975031323922835,4.525626005335045,5.003582072315793,1.0,1.0,1.0,5.314132102234569
geom_64.out,-4.248545365639425,-3.586706041538683,4.590281548031238,7.000000688276537,1.0,-0.5,0.9535736,7.000000688276537
md_070.out,-5.698970004336019,-5.03520528733212,4.610677192442041,6.770435004457321,0.9776053,-0.8200374,1.0,9.305088353617124
35_ang_18.out,-1.8976341490413569,-1.223791441145032,4.718921011587879,3.5052094879479028,1.0,1.0,1.0,3.9357337308308855
md_126.out,-5.698970004336019,-5.022295531598822,4.7497906991280825,5.226040989478939,0.9875191,-0.9311703,1.0,7.098150152031513
geom_85.out,-2.906536743637934,-2.211302139400839,4.957179034267721,3.604466087453869,1.0,-0.4999999,0.2159749,9.955242235934392
40_ang_x_job_009.out,-2.0040600464045992,-1.3083602226020083,4.962492047466736,3.999755369531992,1.0,1.0,1.0,4.47213595499958
geom_542.out,-4.806716746106686,-4.098491510185124,5.107698292349932,3.0090193638640814,1.0,-1.0,0.6752376,8.370836939997638
geom_232.out,-5.698970004336019,-4.983659103855153,5.191715677778358,4.432888090620944,0.4999892,-0.9942668,-0.565502,7.888361868411337
geom_462.out,-5.698970004336019,-4.975946183109805,5.284742380037631,4.491773679159492,0.499965,-0.9988789,-0.4315087,8.162689343218263
40_ang_x_job_008.out,-1.9971958983363447,-1.268304467371948,5.356627307462368,4.004308556555051,1.0,1.0,1.0,4.386342439892262
md_051.out,-4.091981374207682,-3.3430338084684976,5.609802423602441,6.679507084380479,0.9905091,0.000135399,1.0,8.394244475553057
geom_68.out,-4.396899383940831,-3.6467851482581537,5.6248926143473215,2.9018459313371547,0.4999835,-0.4660281,-0.4315001,8.091688691572916
geom_430.out,-5.698970004336019,-4.947591790743747,5.641287241731689,2.465636186795813,0.7070981,-0.8686181,-0.5655095,8.882363935194956
md_123.out,-4.0244819845501425,-3.266076821426047,5.733306546734889,5.587984091939239,0.9938587,0.9953663,1.0,7.204592168710801
42_ang_x_job_003.out,-2.170843844177225,-1.4121037317746215,5.737730060508362,4.199746065668733,1.0,1.0,1.0,4.651881339845203
geom_386.out,-5.698970004336019,-4.93964532796393,5.745458292655343,6.263148447819595,0.4999835,-0.4660281,-0.4315001,9.88757866625237
geom_224.out,-2.728459940301065,-1.9646722235682006,5.80480609076173,3.5380202513703902,0.9659204,-0.4463728,0.9970124,8.060631246905729
geom_244.out,-4.138169151433469,-3.3462373408930475,6.193438230092547,4.148443899491591,0.4999874,0.4045441,0.996999,8.137238342349388
geom_243.out,-3.4589392486408927,-2.658062535377592,6.3223234891649485,2.671445906489218,0.8660182,-0.2858406,0.9969883,9.358225711114528
geom_193.out,-5.698970004336019,-4.854238742202405,6.9940907346857975,4.1118206804677175,0.7070783,-0.8830449,-0.4315198,9.673941230498665
40_ang_x_job_002.out,-1.9422340966461675,-1.0901681818840565,7.113214658130885,4.044749683231337,1.0,1.0,1.0,4.044749683231337
geom_124.out,-4.316418261878298,-3.4288685450270115,7.7187987323631555,5.160342302453491,0.8659966,0.9683067,-0.431612,9.915054069666995
geom_519.out,-2.052200070356171,-1.153539836282473,7.918815674879407,3.3744488800261885,0.965924,0.4488795,-0.9970011,8.121065491365897
md_047.out,-5.128293994598362,-4.1977466277116005,8.522114538500087,3.30804859636584,0.9744066,-0.7944052,1.0,4.533180696649649
geom_348.out,-5.698970004336019,-4.741635320013934,9.064308629020307,5.192209678717241,0.8660052,-0.6955981,-0.4315232,8.505326217242523
geom_89.out,-4.396899383940831,-3.4379878452784673,9.097279514931904,5.890426924428993,-5.760129e-05,-0.4311319,-0.4315086,9.782045355286645
md_105.out,-5.698970004336019,-4.6950657052945335,10.090305120159735,7.086027890356768,0.9802372,-0.7829432,1.0,8.02802238108477
geom_86.out,-5.128293994598362,-4.10452516361509,10.562551293850388,7.000287217607576,1.0,1.0,1.0,8.06225774829855
md_142.out,-5.698970004336019,-4.623793124278832,11.889863808544648,4.392488206153091,0.9999657,-0.9260217,1.0,4.885774430125586
geom_470.out,-3.593347394426039,-2.5150994693253246,11.97423907988681,3.394736950934932,0.8660148,-0.2743946,0.9970095,9.839268321484072
md_110.out,-3.7608712183787865,-2.6453655241502325,13.046850748353759,5.3422621195345705,0.9993989,0.03431823,1.0,5.951285906923058
md_040.out,-2.8203813751376976,-1.6754892038966034,13.96021706923303,3.629904358127635,0.9950724,0.3248308,1.0,5.36850417176973
geom_16.out,-4.889930407756056,-3.723115241639988,14.683012418848904,3.007337579688885,-5.277947e-05,-0.5656403,-0.5655352,9.995481751054824
geom_261.out,-5.32595312087229,-4.152386461433984,14.913056369409517,2.9537486807265783,0.7070931,-0.4801605,-0.431511,5.93390181259633
geom_461.out,-4.992960126973375,-3.816233300857167,15.02196777900961,2.5931830841444654,0.4999728,-0.5332199,-0.5655355,8.271005906918216
geom_310.out,-5.698970004336019,-4.500924557782913,15.777763667678535,6.139360312017775,0.8660244,-0.7076022,0.996999,9.898956624116806
md_117.out,-5.698970004336019,-4.494653262721322,16.00725051023932,5.255992041207921,0.9762199,-0.8300859,1.0,6.569168924583991
geom_112.out,-5.698970004336019,-4.4842649824493925,16.39475842939875,2.627571382460427,-3.149271e-05,-0.5655437,-0.5655417,6.77938135615854
md_147.out,-5.698970004336019,-4.471869480085028,16.869434496503786,3.2661446790583235,0.9882565,-0.7625525,1.0,4.243908036746791
geom_497.out,-4.292595739051553,-3.058403453589708,17.14716336360768,2.906909514442615,0.7071067,0.9994866,0.9970123,6.981640767648033
geom_51.out,-5.698970004336019,-4.4459297226210985,17.907719441485654,2.56840020933849,0.4999545,0.5404253,-0.5655278,5.889892008282071
md_020.out,-4.806716746106686,-3.5405294379323387,18.45811333056907,5.756161029105684,0.9708969,0.7226629,1.0,6.821172787106628
md_094.out,-5.128293994598362,-3.8600910596574494,18.543979347351886,6.866747364117381,0.9999904,0.5956858,1.0,7.879051542205191
md_052.out,-5.32595312087229,-4.047754041591748,18.97575564790164,7.102414915438973,0.9987778,0.9136145,1.0,8.628906189538625
geom_388.out,-5.32595312087229,-4.047084671021182,19.00502520228786,6.778081065654571,0.9659258,0.9999963,0.9970119,9.019270988470469
md_112.out,-5.698970004336019,-4.417799405110246,19.106036330317004,4.28926206073166,0.9999938,-0.8560782,1.0,4.625536792659421
geom_346.out,-4.534447628315581,-3.253210553220107,19.10896104532845,4.067438221528878,0.8660192,-0.6869643,-0.5655354,7.37887092489664
md_023.out,-5.698970004336019,-4.410096142977766,19.44795143644749,4.955928825942015,0.9857128,-0.865026,1.0,5.639113444426616
geom_20.out,-4.368382750788613,-3.0742262091661843,19.685957429730767,2.97942054410585,0.7071067,0.999741,0.9970064,7.23161544279354
geom_203.out,-5.698970004336019,-4.393544034004144,20.20347015073717,2.965436011149288,0.2587885,-0.5489183,-0.5655336,9.950195047342692
geom_486.out,-5.698970004336019,-4.355839082083463,22.035906565522158,2.603343411652216,0.258819,0.1210461,-0.4315156,9.84780451395198
geom_108.out,-5.32595312087229,-3.977281246375494,22.318853139557387,2.4840511334137227,0.4999502,0.2463257,-0.4315598,9.41897706560378
geom_96.out,-4.992960126973375,-3.607416375846526,24.296501943350275,3.0406915087698394,-1.234809e-07,-0.5654558,-0.5654565,9.788683754805852
geom_38.out,-5.32595312087229,-3.938660717571011,24.394527087934556,3.445536536295762,-0.4999874,0.4045441,0.996999,9.117643217421978
geom_437.out,-5.698970004336019,-4.269917292517263,26.856703949535838,2.81155339259154,0.2588005,-0.4494311,-0.4314825,6.835758443376639
geom_84.out,-5.698970004336019,-4.2395858685806544,28.799446146777175,2.515961811574453,-0.4999502,0.2463257,-0.4315598,10.10072566513763
geom_351.out,-5.698970004336019,-4.198426302010748,31.662390607279512,5.066701087068291,0.258819,-0.7955053,-0.5654455,8.837191206772713
geom_153.out,-5.698970004336019,-4.126782496107946,37.34113447080156,6.072555323774744,0.7070735,0.9994925,0.997021,9.794272694787756
geom_101.out,-5.698970004336019,-4.005763128083881,49.34087833441866,2.681208578329929,0.4999666,-0.9625138,0.9970094,9.81035563360274
geom_219.out,-5.32595312087229,-3.5768640503235716,56.11630545748984,3.495236442163391,-1.234809e-07,-0.5654558,-0.5654565,8.028718556008798
geom_171.out,-4.189860132412727,-2.3623091861746204,67.22811684779136,4.145287584926527,-2.024279e-06,0.9970081,0.9970071,9.720209390075505
md_022.out,-5.698970004336019,-3.8701325744742157,67.42755778106627,6.209410016357914,0.9778635,0.8143805,1.0,7.447982506859559
geom_319.out,-5.698970004336019,-3.834547684731696,73.18504085410204,3.3165702534583823,0.2587682,0.01850232,-0.565527,9.355018656081503
geom_449.out,-4.368382750788613,-2.496260695484999,74.49413048216473,3.0047663521287307,1.0,-0.4999999,0.2159749,6.712396589604342
geom_379.out,-5.32595312087229,-3.4291519257769885,78.8499087540983,4.942534284266523,0.707083,0.999741,0.9969918,8.668394759146008
geom_295.out,-5.698970004336019,-3.654238966311869,110.84881072713894,4.813383599406451,0.7070695,0.8479343,-0.5655412,9.956758905692254
geom_24.out,-5.698970004336019,-3.5596375419637667,137.82641579264876,3.635645316434897,-1.240245e-05,-0.5654904,-0.565513,9.878300891674895
geom_288.out,-4.623986896783332,-2.3890684663519313,171.7585758404253,2.624778912675123,0.8660253,0.9999283,0.997012,5.070117698776825
geom_140.out,-5.698970004336019,-3.4518801630606433,176.64031937429465,2.680619037337085,-4.041006e-05,-0.4313759,-0.4314639,9.437496063531151
geom_43.out,-5.698970004336019,-3.434569482796526,183.823284439592,4.066386815961438,-3.149271e-05,-0.5655437,-0.5655417,9.839757698857731
geom_25.out,-5.698970004336019,-3.3140485853578383,242.6171065210874,3.137154038208197,0.499971,0.9992473,0.9969959,7.582205504275125
44_ang_xy_job_001.out,-3.811398161034783,-1.419736690070991,246.4117828513054,4.402458240540164,1.0,1.0,1.0,4.621688003316537
geom_8.out,-5.698970004336019,-3.156625954564376,348.6133785417928,3.452466996522632,0.4999593,0.9970365,0.9970163,9.565294234382444
geom_313.out,-5.698970004336019,-2.8741638381273624,668.0456896716719,2.661879284888028,0.7070695,0.8479343,-0.5655412,6.539355312726324
geom_170.out,-5.32595312087229,-2.395966177291573,851.1124503846307,3.0939576729207205,0.8660019,0.9999296,0.9970288,9.394023763795255
geom_293.out,-5.698970004336019,-2.726158301685235,939.315962413354,3.1401217886946675,0.8660063,-0.7004511,0.9970171,8.021538897537368
geom_294.out,-5.698970004336019,-2.693047706391834,1013.729997404487,4.851635322743972,0.9659171,0.9999964,0.9969556,6.434624244934354
geom_136.out,-5.698970004336019,-1.9646268805293268,5424.292792069588,2.666561784450531,-2.106085e-05,0.9969957,0.9969997,8.334001223997511
